"","resource_state","name","distance","moving_time","elapsed_time","total_elevation_gain","type","sport_type","workout_type","id","start_date","start_date_local","timezone","utc_offset","location_city","location_state","location_country","achievement_count","kudos_count","comment_count","athlete_count","photo_count","trainer","commute","manual","private","visibility","flagged","gear_id","average_speed","max_speed","has_heartrate","average_heartrate","max_heartrate","heartrate_opt_out","display_hide_heartrate_option","elev_high","elev_low","upload_id","upload_id_str","external_id","from_accepted_tag","pr_count","total_photo_count","has_kudoed","average_cadence","average_watts","max_watts","weighted_average_watts","kilojoules","device_watts","week_of","minutes","miles","hr_zone"
"1",2,"Afternoon Run",3911,1485,1488,46.8,"Run","Run",NA,12217081176,2024-08-22,2024-08-22 15:49:10,"(GMT-06:00) America/Chicago",-18000,NA,NA,NA,0,0,0,1,0,FALSE,FALSE,FALSE,FALSE,"everyone",FALSE,"g17070785",2.634,3.752,TRUE,147.8,161,FALSE,TRUE,380.2,350.4,13024535504,"13024535504","86FBC758-4277-4F77-9FE8-2F6849ABFBAA.fit",FALSE,0,0,FALSE,NA,NA,NA,NA,NA,NA,2024-08-25,24.75,2.43018877303739,"Zone 2"
"2",2,"Zwift - No Nonsense in Watopia",16163.3,1907,1907,26,"VirtualRide","VirtualRide",NA,12216929474,2024-08-22,2024-08-22 15:14:56,"(GMT-06:00) America/Chicago",-18000,NA,NA,NA,0,0,0,1,0,FALSE,FALSE,FALSE,FALSE,"everyone",FALSE,"b7562538",8.476,11.698,TRUE,132.9,154,FALSE,TRUE,17.6,12.6,13024379220,"13024379220","zwift-activity-1681488607971393584.fit",FALSE,0,1,FALSE,87.2,186.6,253,197,355.8,TRUE,2024-08-25,31.7833333333333,10.0434339542918,"Zone 1"
"3",2,"Morning Run",7603,3083,3109,55,"Run","Run",NA,12204338160,2024-08-21,2024-08-21 06:26:53,"(GMT-06:00) America/Chicago",-18000,NA,NA,NA,0,0,0,1,0,FALSE,FALSE,FALSE,FALSE,"everyone",FALSE,"g17070785",2.466,4.106,TRUE,135.1,162,FALSE,TRUE,370.4,343.4,13011334303,"13011334303","0EF9FC11-1079-4459-B052-504D486B5E80.fit",FALSE,0,0,FALSE,NA,NA,NA,NA,NA,NA,2024-08-25,51.3833333333333,4.72429691674848,"Zone 1"
"4",2,"Zwift - Slow Motion in Watopia",15592,1990,1990,43,"VirtualRide","VirtualRide",NA,12194991005,2024-08-20,2024-08-20 06:11:22,"(GMT-06:00) America/Chicago",-18000,NA,NA,NA,0,0,0,1,0,FALSE,FALSE,FALSE,FALSE,"everyone",FALSE,"b7562538",7.835,14.238,FALSE,NA,NA,FALSE,FALSE,28,-6.4,13001267426,"13001267426","zwift-activity-1679765570884485168.fit",FALSE,0,3,FALSE,70.7,165,280,183,328.4,TRUE,2024-08-25,33.1666666666667,9.68844370984379,"NA"
"5",2,"Morning Run",6617.7,2766,2770,43.8,"Run","Run",NA,12186567839,2024-08-19,2024-08-19 06:24:48,"(GMT-06:00) America/Chicago",-18000,NA,NA,NA,0,0,0,1,0,FALSE,FALSE,FALSE,FALSE,"everyone",FALSE,"g17070785",2.393,3.614,TRUE,124.6,149,FALSE,TRUE,368.8,342.6,12991977715,"12991977715","2A430A53-C41C-47A7-9CBB-25A7ACC173CC.fit",FALSE,0,0,FALSE,NA,NA,NA,NA,NA,NA,2024-08-25,46.1,4.11205835932743,"Zone 1"
"6",2,"Zwift - Over - Unders in Watopia",16382.4,1992,1992,51,"VirtualRide","VirtualRide",NA,12180854482,2024-08-18,2024-08-18 10:43:21,"(GMT-06:00) America/Chicago",-18000,NA,NA,NA,0,0,0,1,0,FALSE,FALSE,FALSE,FALSE,"everyone",FALSE,"b7562538",8.224,15.662,TRUE,135.3,158,FALSE,TRUE,28,-6.4,12985510134,"12985510134","zwift-activity-1678452805574082592.fit",FALSE,0,2,FALSE,87.4,197.8,263,215,394,TRUE,2024-08-25,33.2,10.1795767208918,"Zone 1"
"7",2,"Morning Run",6548.7,2611,2624,55,"Run","Run",NA,12170502407,2024-08-17,2024-08-17 07:20:03,"(GMT-06:00) America/Chicago",-18000,NA,NA,NA,0,0,0,1,0,FALSE,FALSE,FALSE,FALSE,"everyone",FALSE,"g17070785",2.508,3.606,TRUE,131.5,159,FALSE,TRUE,371.4,343.6,12974023237,"12974023237","7CA96526-A318-4B70-836F-13E5CB07D091.fit",FALSE,0,0,FALSE,NA,NA,NA,NA,NA,NA,2024-08-18,43.5166666666667,4.06918364049859,"Zone 1"
"8",2,"Afternoon Run",3076.3,1141,1144,32.2,"Run","Run",NA,12157667084,2024-08-15,2024-08-15 16:13:49,"(GMT-06:00) America/Chicago",-18000,NA,NA,NA,0,1,0,1,0,FALSE,FALSE,FALSE,FALSE,"everyone",FALSE,"g17070785",2.696,3.748,TRUE,148.6,161,FALSE,TRUE,380,359,12959344062,"12959344062","0545FC9A-14FA-4073-95B7-5B41F0BD891A.fit",FALSE,0,0,FALSE,NA,NA,NA,NA,NA,NA,2024-08-18,19.0166666666667,1.9115289497558,"Zone 2"
"9",2,"Zwift - Basics in Watopia",14438.2,1807,1807,33,"VirtualRide","VirtualRide",NA,12157510143,2024-08-15,2024-08-15 15:40:30,"(GMT-06:00) America/Chicago",-18000,NA,NA,NA,0,0,0,1,0,FALSE,FALSE,FALSE,FALSE,"everyone",FALSE,"b7562538",7.99,14.776,TRUE,128,151,FALSE,TRUE,28,-6.4,12959153041,"12959153041","zwift-activity-1676428093432037424.fit",FALSE,0,1,FALSE,83.5,168.4,424,185,304.3,TRUE,2024-08-18,30.1166666666667,8.97150384629724,"Zone 1"
"10",2,"Lunch Run",6469.8,2578,2582,52.8,"Run","Run",NA,12147185733,2024-08-14,2024-08-14 11:16:23,"(GMT-06:00) America/Chicago",-18000,NA,NA,NA,0,1,0,1,0,FALSE,FALSE,FALSE,FALSE,"everyone",FALSE,"g17070785",2.51,3.578,TRUE,144.8,170,FALSE,TRUE,371,342.2,12946953923,"12946953923","BC5ECD79-83EA-4738-9665-7DD06C1EBABC.fit",FALSE,0,0,FALSE,NA,NA,NA,NA,NA,NA,2024-08-18,42.9666666666667,4.02015733157692,"Zone 2"
"11",2,"Zwift - The Beginning in Watopia",15954.8,2005,2005,27,"VirtualRide","VirtualRide",NA,12140343758,2024-08-13,2024-08-13 15:34:31,"(GMT-06:00) America/Chicago",-18000,NA,NA,NA,0,0,0,1,0,FALSE,FALSE,FALSE,FALSE,"everyone",FALSE,"b7562538",7.958,10.88,TRUE,125.5,155,FALSE,TRUE,17.6,12.6,12939797591,"12939797591","zwift-activity-1674975573308342304.fit",FALSE,0,2,FALSE,83.4,167.5,280,190,335.8,TRUE,2024-08-18,33.4166666666667,9.91387773870034,"Zone 1"
"12",2,"Morning Run",4861.9,2063,2069,50.2,"Run","Run",NA,12127435529,2024-08-12,2024-08-12 06:35:09,"(GMT-06:00) America/Chicago",-18000,NA,NA,NA,0,0,0,1,0,FALSE,FALSE,FALSE,FALSE,"everyone",FALSE,"g17070785",2.357,3.243,TRUE,126.3,146,FALSE,TRUE,377.8,348.2,12926287318,"12926287318","9D12032B-C704-4A49-B07C-7DE30D6D990F.fit",FALSE,0,0,FALSE,NA,NA,NA,NA,NA,NA,2024-08-18,34.3833333333333,3.0210521083177,"Zone 1"
"13",2,"Morning Run",4851.6,1949,1953,24.4,"Run","Run",0,12110581073,2024-08-10,2024-08-10 06:39:01,"(GMT-06:00) America/Chicago",-18000,NA,NA,NA,0,1,0,1,0,FALSE,FALSE,FALSE,FALSE,"everyone",FALSE,"g17070785",2.489,3.302,TRUE,132.6,148,FALSE,TRUE,203.4,197.2,12908546881,"12908546881","DA77D3EB-5A19-4E0B-8077-20210DCF5957.fit",FALSE,0,2,FALSE,NA,NA,NA,NA,NA,NA,2024-08-11,32.4833333333333,3.0146519691302,"Zone 1"
"14",2,"Evening Swim",329.2,604,604,0,"Swim","Swim",NA,12107246904,2024-08-10,2024-08-09 20:23:53,"(GMT-05:00) America/Atikokan",-18000,NA,NA,NA,0,0,0,1,0,TRUE,FALSE,FALSE,FALSE,"everyone",FALSE,NA,0.545,5.486,TRUE,107.3,132,FALSE,TRUE,0,0,12905047385,"12905047385","3CA7FC80-BD4C-4324-8A0E-405308854E7D.fit",FALSE,0,0,FALSE,NA,NA,NA,NA,NA,NA,2024-08-11,10.0666666666667,0.204555904905116,"Zone 1"
"15",2,"Zwift - FTP Ramp Test in Watopia",8858.3,1069,1069,36,"VirtualRide","VirtualRide",NA,12097815678,2024-08-08,2024-08-08 14:03:48,"(GMT-06:00) America/Chicago",-18000,NA,NA,NA,0,0,0,1,0,FALSE,FALSE,FALSE,FALSE,"everyone",FALSE,"b7562538",8.287,14.814,TRUE,127,166,FALSE,TRUE,100.2,0.4,12895125485,"12895125485","zwift-activity-1671306056396996656.fit",FALSE,0,1,FALSE,86.3,189.6,419,220,202.6,TRUE,2024-08-11,17.8166666666667,5.50430611306498,"Zone 1"
"16",2,"Morning Run",6253.8,2512,2538,41.8,"Run","Run",NA,12085662750,2024-08-07,2024-08-07 06:21:43,"(GMT-06:00) America/Chicago",-18000,NA,NA,NA,0,1,0,1,0,FALSE,FALSE,FALSE,FALSE,"everyone",FALSE,"g17070785",2.49,4.018,TRUE,132.5,171,FALSE,TRUE,369.4,341.2,12882433608,"12882433608","E9014254-C4EC-4E55-9E9E-B80559ABFCD9.fit",FALSE,0,0,FALSE,NA,NA,NA,NA,NA,NA,2024-08-11,41.8666666666667,3.88594082046056,"Zone 1"
"17",2,"Zwift - INEOS Grenadiers Virtual Training Camp | The Cafe Ride in Watopia",14381.3,2048,2048,72,"VirtualRide","VirtualRide",NA,12081181855,2024-08-06,2024-08-06 15:54:54,"(GMT-06:00) America/Chicago",-18000,NA,NA,NA,0,0,0,1,0,FALSE,FALSE,FALSE,FALSE,"everyone",FALSE,"b7562538",7.022,13.696,FALSE,NA,NA,FALSE,FALSE,23,-6.2,12877743889,"12877743889","zwift-activity-1669912363400167472.fit",FALSE,0,2,FALSE,82.7,144.7,215,152,296.4,TRUE,2024-08-11,34.1333333333333,8.93614773758187,"NA"
"18",2,"Morning Run",4142,1802,1806,38.4,"Run","Run",NA,12067620993,2024-08-05,2024-08-05 06:20:03,"(GMT-06:00) America/Chicago",-18000,NA,NA,NA,0,0,0,1,0,FALSE,FALSE,FALSE,FALSE,"everyone",FALSE,"g17070785",2.299,3.104,TRUE,122.4,139,FALSE,TRUE,378.4,350,12863563082,"12863563082","6EBDB347-8C23-4C87-B7D7-CF3E201C1A05.fit",FALSE,0,0,FALSE,NA,NA,NA,NA,NA,NA,2024-08-11,30.0333333333333,2.5737258752035,"Zone 1"
"19",2,"Morning Run",3912.8,1772,1775,46.6,"Run","Run",NA,12009575087,2024-07-29,2024-07-29 06:48:27,"(GMT-06:00) America/Chicago",-18000,NA,NA,NA,0,0,0,1,0,FALSE,FALSE,FALSE,FALSE,"everyone",FALSE,"g17070785",2.208,3.225,TRUE,123.6,140,FALSE,TRUE,379.2,349.2,12803097535,"12803097535","5F01D28A-4119-47E6-AD2F-026EC7B59324.fit",FALSE,0,0,FALSE,NA,NA,NA,NA,NA,NA,2024-08-04,29.5333333333333,2.43130724396336,"Zone 1"
"20",2,"Morning Run",15319.4,6417,6421,185.4,"Run","Run",NA,11993841277,2024-07-27,2024-07-27 06:34:56,"(GMT-06:00) America/Chicago",-18000,NA,NA,NA,0,0,0,1,0,FALSE,FALSE,FALSE,FALSE,"everyone",FALSE,"g17070785",2.387,3.364,TRUE,147.3,176,FALSE,TRUE,383.8,337.8,12786672612,"12786672612","47F3FAFD-A4E6-41B2-8A36-D956F1EE699E.fit",FALSE,0,0,FALSE,NA,NA,NA,NA,NA,NA,2024-07-28,106.95,9.51905750183305,"Zone 2"
"21",2,"Morning Run",6483.3,2585,2589,52.4,"Run","Run",NA,11970043448,2024-07-24,2024-07-24 06:21:44,"(GMT-06:00) America/Chicago",-18000,NA,NA,NA,0,1,0,1,0,FALSE,FALSE,FALSE,FALSE,"everyone",FALSE,"g17070785",2.508,3.986,TRUE,133.1,159,FALSE,TRUE,369.2,341.8,12761943178,"12761943178","E2B6763D-E865-4602-89D4-44734C146B48.fit",FALSE,0,0,FALSE,NA,NA,NA,NA,NA,NA,2024-07-28,43.0833333333333,4.02854586352169,"Zone 1"
"22",2,"Zwift - Alpha in Watopia",13047.2,1827,1827,67,"VirtualRide","VirtualRide",NA,11963982879,2024-07-23,2024-07-23 15:32:35,"(GMT-06:00) America/Chicago",-18000,NA,NA,NA,0,0,0,12,0,FALSE,FALSE,FALSE,FALSE,"everyone",FALSE,"b7562538",7.141,12.66,FALSE,NA,NA,FALSE,FALSE,23,-6.2,12755660373,"12755660373","zwift-activity-1659754336198098944.fit",FALSE,0,3,FALSE,84.2,147.5,298,166,269.4,TRUE,2024-07-28,30.45,8.10717436961736,"NA"
"23",2,"Afternoon Run",5136.9,2102,2106,50.6,"Run","Run",NA,11955316190,2024-07-22,2024-07-22 15:26:03,"(GMT-06:00) America/Chicago",-18000,NA,NA,NA,0,1,0,1,0,FALSE,FALSE,FALSE,FALSE,"everyone",FALSE,"g17070785",2.444,4.018,TRUE,138.3,158,FALSE,TRUE,377,349.2,12746695079,"12746695079","E5CE03AD-096A-458E-A6D5-FEED656971A9.fit",FALSE,0,0,FALSE,NA,NA,NA,NA,NA,NA,2024-07-28,35.0333333333333,3.19192961089639,"Zone 2"
"24",2,"Morning Run",14109.6,5746,5771,146.4,"Run","Run",NA,11936821575,2024-07-20,2024-07-20 09:22:30,"(GMT-06:00) America/Chicago",-18000,NA,NA,NA,0,3,0,1,0,FALSE,FALSE,FALSE,FALSE,"everyone",FALSE,"g17070785",2.456,3.509,TRUE,143.3,166,FALSE,TRUE,385.6,340.4,12727453396,"12727453396","0F00458E-24FA-4318-9C96-A8B2534A7ADB.fit",FALSE,0,0,FALSE,NA,NA,NA,NA,NA,NA,2024-07-21,95.7666666666667,8.76732076503411,"Zone 2"
"25",2,"Afternoon Run",4261.5,1640,1653,48.4,"Run","Run",NA,11935229821,2024-07-18,2024-07-18 14:14:55,"(GMT-06:00) America/Chicago",-18000,NA,NA,NA,0,1,0,1,0,FALSE,FALSE,FALSE,FALSE,"everyone",FALSE,"g17070785",2.598,4.524,TRUE,139.8,172,FALSE,TRUE,379.8,351,12725805135,"12725805135","0E87805D-0D1E-465F-BB60-68138A1B6E8C.fit",FALSE,0,0,FALSE,NA,NA,NA,NA,NA,NA,2024-07-21,27.3333333333333,2.64797991723315,"Zone 2"
"26",2,"Zwift - Hard Starts in Makuri Islands",14045.3,2535,2535,183,"VirtualRide","VirtualRide",NA,11914223491,2024-07-17,2024-07-17 15:26:37,"(GMT-06:00) America/Chicago",-18000,NA,NA,NA,3,0,0,1,0,FALSE,FALSE,FALSE,FALSE,"everyone",FALSE,"b7562538",5.541,17.222,TRUE,135.7,155,FALSE,TRUE,223.4,67.6,12703980630,"12703980630","zwift-activity-1655402617074909184.fit",FALSE,1,3,FALSE,83.5,168.2,340,180,426.3,TRUE,2024-07-21,42.25,8.72736649806753,"Zone 1"
"27",2,"Afternoon Run",4825.4,1916,1920,51.6,"Run","Run",NA,11905931953,2024-07-16,2024-07-16 15:43:16,"(GMT-06:00) America/Chicago",-18000,NA,NA,NA,0,1,0,1,0,FALSE,FALSE,FALSE,FALSE,"everyone",FALSE,"g17070785",2.518,3.228,TRUE,142.6,164,FALSE,TRUE,378.6,348.4,12695398382,"12695398382","BEF52D4E-DCC3-444B-BDFA-5283C5061696.fit",FALSE,0,0,FALSE,NA,NA,NA,NA,NA,NA,2024-07-21,31.9333333333333,2.99837200342998,"Zone 2"
"28",2,"Zwift - Over, Under and Beyond in Watopia",20988.4,2799,2799,122,"VirtualRide","VirtualRide",NA,11896792039,2024-07-15,2024-07-15 14:49:42,"(GMT-06:00) America/Chicago",-18000,NA,NA,NA,0,0,0,3,0,FALSE,FALSE,FALSE,FALSE,"everyone",FALSE,"b7562538",7.499,13.218,TRUE,127.3,145,FALSE,TRUE,23,-6.2,12685968995,"12685968995","zwift-activity-1653934381800128560.fit",FALSE,0,3,FALSE,78.2,171.6,255,185,480.2,TRUE,2024-07-21,46.65,13.0416195459008,"Zone 1"
"29",2,"Morning Run",8876.8,3423,3438,127.8,"Run","Run",NA,11877502873,2024-07-13,2024-07-13 06:36:08,"(GMT-06:00) America/Chicago",-18000,NA,NA,NA,0,0,0,1,0,FALSE,FALSE,FALSE,FALSE,"everyone",FALSE,"g17070785",2.593,3.716,TRUE,153.6,179,FALSE,TRUE,384.6,350.8,12665954455,"12665954455","605961F2-5023-4F31-9828-3E020C81600A.fit",FALSE,0,0,FALSE,NA,NA,NA,NA,NA,NA,2024-07-14,57.05,5.515801508693,"Zone 3"
"30",2,"Afternoon Run",3378.3,1293,1293,39.6,"Run","Run",NA,11865527438,2024-07-11,2024-07-11 15:31:08,"(GMT-06:00) America/Chicago",-18000,NA,NA,NA,0,0,0,1,0,FALSE,FALSE,FALSE,FALSE,"everyone",FALSE,"g17070785",2.613,3.63,TRUE,143.4,158,FALSE,TRUE,381.2,351.4,12653521765,"12653521765","830CEFB7-4152-4DCB-9BC1-EF143D1D515B.fit",FALSE,0,0,FALSE,NA,NA,NA,NA,NA,NA,2024-07-14,21.55,2.09918351622404,"Zone 2"
"31",2,"Zwift - 22. Manic Moments in Watopia",14866.7,1943,1943,26,"VirtualRide","VirtualRide",NA,11865394241,2024-07-11,2024-07-11 14:54:43,"(GMT-06:00) America/Chicago",-18000,NA,NA,NA,0,0,0,8,0,FALSE,FALSE,FALSE,FALSE,"everyone",FALSE,"b7562538",7.651,10.214,TRUE,120.9,136,FALSE,TRUE,17.6,12.6,12653384837,"12653384837","zwift-activity-1651037935807528960.fit",FALSE,0,1,FALSE,81.5,152.4,279,159,296,TRUE,2024-07-14,32.3833333333333,9.23776206395168,"Zone 1"
"32",2,"Morning Run",6799.7,2734,2742,63,"Run","Run",NA,11853592003,2024-07-10,2024-07-10 06:18:10,"(GMT-06:00) America/Chicago",-18000,NA,NA,NA,0,1,0,1,0,FALSE,FALSE,FALSE,FALSE,"everyone",FALSE,"g17070785",2.487,3.85,TRUE,138.7,165,FALSE,TRUE,370.6,342,12641193136,"12641193136","3F651CFD-65E8-44C6-A55D-9BC6A9AFA2CB.fit",FALSE,0,0,FALSE,NA,NA,NA,NA,NA,NA,2024-07-14,45.5666666666667,4.22514819739769,"Zone 2"
"33",2,"Morning Run",4157.7,1809,1812,37.6,"Run","Run",NA,11836775110,2024-07-08,2024-07-08 06:11:03,"(GMT-06:00) America/Chicago",-18000,NA,NA,NA,0,0,0,1,0,FALSE,FALSE,FALSE,FALSE,"everyone",FALSE,"g17070785",2.298,3.586,TRUE,121.9,134,FALSE,TRUE,378.4,349.6,12623870189,"12623870189","1A1E6C2F-575A-418B-A4AD-E8B1A10B24E9.fit",FALSE,0,0,FALSE,NA,NA,NA,NA,NA,NA,2024-07-14,30.15,2.5834814271689,"Zone 1"
"34",2,"Morning Run",13963.8,5856,5914,150.8,"Run","Run",NA,11821835464,2024-07-06,2024-07-06 06:39:09,"(GMT-06:00) America/Chicago",-18000,NA,NA,NA,0,2,0,1,0,FALSE,FALSE,FALSE,FALSE,"everyone",FALSE,"g17070785",2.385,3.254,TRUE,147.4,170,FALSE,TRUE,384,339.4,12608376038,"12608376038","EA934DFB-70B9-4D53-B348-C727CDD2A243.fit",FALSE,0,0,FALSE,NA,NA,NA,NA,NA,NA,2024-07-07,97.6,8.67672462003057,"Zone 2"
"35",2,"Morning Run",3808.6,1504,1504,48.6,"Run","Run",NA,11807301439,2024-07-04,2024-07-04 09:52:39,"(GMT-06:00) America/Chicago",-18000,NA,NA,NA,0,2,0,1,0,FALSE,FALSE,FALSE,FALSE,"everyone",FALSE,"g17070785",2.532,3.206,TRUE,140.1,153,FALSE,TRUE,379.8,350.4,12593343885,"12593343885","87AFE2CA-23A1-4FA6-8EEB-DAFECFF0F241.fit",FALSE,0,0,FALSE,NA,NA,NA,NA,NA,NA,2024-07-07,25.0666666666667,2.36656020480445,"Zone 2"
"36",2,"Zwift - 13. ABC Easy as 1-2-3 in Watopia",18768.9,2412,2412,29,"VirtualRide","VirtualRide",NA,11807023993,2024-07-04,2024-07-04 09:06:46,"(GMT-06:00) America/Chicago",-18000,NA,NA,NA,0,0,0,13,0,FALSE,FALSE,FALSE,FALSE,"everyone",FALSE,"b7562538",7.781,10.618,TRUE,120.4,140,FALSE,TRUE,17.6,12.6,12593058131,"12593058131","zwift-activity-1645789407556435968.fit",FALSE,0,2,FALSE,80.4,150.9,235,161,364,TRUE,2024-07-07,40.2,11.6624827569066,"Zone 1"
"37",2,"Morning Run",6965.8,2824,2827,60,"Run","Run",NA,11797766899,2024-07-03,2024-07-03 06:17:40,"(GMT-06:00) America/Chicago",-18000,NA,NA,NA,0,1,0,1,0,FALSE,FALSE,FALSE,FALSE,"everyone",FALSE,"g17070785",2.467,4.11,TRUE,138.3,162,FALSE,TRUE,371.2,341.2,12583514508,"12583514508","CCBEF6E5-0EF9-401D-950A-1310AD9BDCF8.fit",FALSE,0,0,FALSE,NA,NA,NA,NA,NA,NA,2024-07-07,47.0666666666667,4.32835820895522,"Zone 2"
"38",2,"Zwift - Step-Down Intervals in Watopia",25405.6,3013,3013,39,"VirtualRide","VirtualRide",NA,11793590326,2024-07-02,2024-07-02 15:11:19,"(GMT-06:00) America/Chicago",-18000,NA,NA,NA,0,0,0,5,0,FALSE,FALSE,FALSE,FALSE,"everyone",FALSE,"b7562538",8.432,11.34,TRUE,135.1,158,FALSE,TRUE,17.6,12.6,12579199061,"12579199061","zwift-activity-1644522626296610848.fit",FALSE,0,2,FALSE,84.9,181.9,283,192,548,TRUE,2024-07-07,50.2166666666667,15.7863471982303,"Zone 1"
"39",2,"Morning Run",4098.3,1807,1807,50.8,"Run","Run",NA,11781323422,2024-07-01,2024-07-01 06:10:25,"(GMT-06:00) America/Chicago",-18000,NA,NA,NA,0,0,0,1,0,FALSE,FALSE,FALSE,FALSE,"everyone",FALSE,"g17070785",2.268,3.259,TRUE,126.4,147,FALSE,TRUE,378.8,351.2,12566584537,"12566584537","B5554E1B-6D08-43A4-A328-1BD616355EE4.fit",FALSE,0,0,FALSE,NA,NA,NA,NA,NA,NA,2024-07-07,30.1166666666667,2.5465718866119,"Zone 1"
"40",2,"Morning Run",13554.8,5791,5844,161.6,"Run","Run",NA,11767166255,2024-06-29,2024-06-29 06:36:14,"(GMT-06:00) America/Chicago",-18000,NA,NA,NA,1,4,1,1,0,FALSE,FALSE,FALSE,FALSE,"everyone",FALSE,"g17070785",2.341,3.453,TRUE,144.4,167,FALSE,TRUE,385,338.8,12551913510,"12551913510","9552A0FA-6EA2-43D6-924D-A95FB81C44FB.fit",FALSE,1,0,FALSE,NA,NA,NA,NA,NA,NA,2024-06-30,96.5166666666667,8.4225831707408,"Zone 2"
"41",2,"Afternoon Run",1457.6,485,500,16,"Run","Run",NA,11755101558,2024-06-27,2024-06-27 15:22:57,"(GMT-06:00) America/Chicago",-18000,NA,NA,NA,0,1,0,1,0,FALSE,FALSE,FALSE,FALSE,"everyone",FALSE,"g17070785",3.005,3.886,TRUE,149.9,166,FALSE,TRUE,367.4,353.8,12539452518,"12539452518","56DD11A9-C5E4-4537-AD4E-E58FADDE1BFF.fit",FALSE,0,0,FALSE,NA,NA,NA,NA,NA,NA,2024-06-30,8.08333333333333,0.905712900940758,"Zone 3"
"42",2,"Zwift - 04. Power Surge in Watopia",18550.5,2417,2417,104,"VirtualRide","VirtualRide",NA,11755024230,2024-06-27,2024-06-27 14:40:30,"(GMT-06:00) America/Chicago",-18000,NA,NA,NA,2,0,0,6,0,FALSE,FALSE,FALSE,FALSE,"everyone",FALSE,"b7562538",7.675,13.35,TRUE,137,157,FALSE,TRUE,23,-6.2,12539373006,"12539373006","zwift-activity-1640883965235560480.fit",FALSE,1,1,FALSE,85.5,184.6,255,191,446.1,TRUE,2024-06-30,40.2833333333333,11.5267749512222,"Zone 2"
"43",2,"Morning Run",6815.1,2816,2822,53.6,"Run","Run",NA,11743665203,2024-06-26,2024-06-26 06:29:38,"(GMT-06:00) America/Chicago",-18000,NA,NA,NA,0,0,0,1,0,FALSE,FALSE,FALSE,FALSE,"everyone",FALSE,"g17070785",2.42,3.472,TRUE,141.9,166,FALSE,TRUE,369.8,340,12527686657,"12527686657","DD148243-1C92-4390-A4A7-D9FCDF5BC138.fit",FALSE,0,0,FALSE,NA,NA,NA,NA,NA,NA,2024-06-30,46.9333333333333,4.2347173375421,"Zone 2"
"44",2,"Zwift - Make A Break For It in Watopia",24164.6,3012,3012,38,"VirtualRide","VirtualRide",NA,11739397531,2024-06-25,2024-06-25 15:34:37,"(GMT-06:00) America/Chicago",-18000,NA,NA,NA,0,0,0,8,0,FALSE,FALSE,FALSE,FALSE,"everyone",FALSE,"b7562538",8.023,10.754,TRUE,133.8,162,FALSE,TRUE,17.6,12.6,12523326916,"12523326916","zwift-activity-1639461639101104128.fit",FALSE,0,2,FALSE,84.9,167.2,287,182,503.5,TRUE,2024-06-30,50.2,15.0152236320479,"Zone 1"
"45",2,"Morning Run",6070.3,2644,2647,48.4,"Run","Run",NA,11726835272,2024-06-24,2024-06-24 06:08:00,"(GMT-06:00) America/Chicago",-18000,NA,NA,NA,0,1,0,1,0,FALSE,FALSE,FALSE,FALSE,"everyone",FALSE,"g17070785",2.296,3.278,TRUE,130,154,FALSE,TRUE,371.2,340.4,12510522526,"12510522526","FDCB2BCE-4120-4627-8B50-8375556182B5.fit",FALSE,0,0,FALSE,NA,NA,NA,NA,NA,NA,2024-06-30,44.0666666666667,3.77191892328532,"Zone 1"
"46",2,"Morning Run",6027.2,2509,2514,46.8,"Run","Run",0,11712690356,2024-06-22,2024-06-22 08:59:20,"(GMT-06:00) America/Chicago",-18000,NA,NA,NA,0,2,0,1,0,FALSE,FALSE,FALSE,FALSE,"everyone",FALSE,"g17070785",2.402,3.43,TRUE,145.2,173,FALSE,TRUE,369.8,343.2,12495897470,"12495897470","EBF689FE-86BE-4553-BB2A-30D458E724CF.fit",FALSE,0,0,FALSE,NA,NA,NA,NA,NA,NA,2024-06-23,41.8166666666667,3.74513775833572,"Zone 2"
"47",2,"Spin Out",10691.7,1511,1511,46,"VirtualRide","VirtualRide",NA,11700503751,2024-06-20,2024-06-20 16:00:15,"(GMT-06:00) America/Chicago",-18000,NA,NA,NA,0,1,0,3,0,FALSE,FALSE,FALSE,FALSE,"everyone",FALSE,"b7562538",7.076,14.218,TRUE,114.3,133,FALSE,TRUE,100.2,0.4,12483335521,"12483335521","zwift-activity-1635850639433039888.fit",FALSE,0,0,FALSE,79,139,277,149,210,TRUE,2024-06-23,25.1833333333333,6.64353088843874,"Zone 1"
"48",2,"Morning Run",3807.7,1657,1657,38.4,"Run","Run",NA,11688488739,2024-06-19,2024-06-19 06:20:50,"(GMT-06:00) America/Chicago",-18000,NA,NA,NA,0,2,0,1,0,FALSE,FALSE,FALSE,FALSE,"everyone",FALSE,"g17070785",2.298,3.104,TRUE,129.5,145,FALSE,TRUE,379,350.6,12470987509,"12470987509","FAA1B86D-6DA7-4624-A5AE-6CA22D0D746D.fit",FALSE,0,0,FALSE,NA,NA,NA,NA,NA,NA,2024-06-23,27.6166666666667,2.36600096934147,"Zone 1"
"49",2,"Zwift - 23. Mothership in Watopia",13598.6,1809,1809,21,"VirtualRide","VirtualRide",NA,11684484269,2024-06-18,2024-06-18 15:32:19,"(GMT-06:00) America/Chicago",-18000,NA,NA,NA,0,0,0,12,0,FALSE,FALSE,FALSE,FALSE,"everyone",FALSE,"b7562538",7.517,10.084,TRUE,121.1,141,FALSE,TRUE,17.6,12.6,12466854928,"12466854928","zwift-activity-1634386967888150528.fit",FALSE,0,2,FALSE,81.5,141.4,226,149,255.7,TRUE,2024-06-23,30.15,8.44979929660606,"Zone 1"
"50",2,"Morning Run",2077.3,934,937,26,"Run","Run",0,11672235470,2024-06-17,2024-06-17 06:18:43,"(GMT-06:00) America/Chicago",-18000,NA,NA,NA,0,1,0,1,0,FALSE,FALSE,FALSE,FALSE,"everyone",FALSE,"g17070785",2.224,3.151,TRUE,123.2,147,FALSE,TRUE,369.4,350,12454276667,"12454276667","9F80AE22-17EA-41CF-8560-4B01D22FAECE.fit",FALSE,0,0,FALSE,NA,NA,NA,NA,NA,NA,2024-06-23,15.5666666666667,1.29077758584264,"Zone 1"
"51",2,"Morning Run",12465.5,5327,5409,160.2,"Run","Run",NA,11658482940,2024-06-15,2024-06-15 08:05:21,"(GMT-06:00) America/Chicago",-18000,NA,NA,NA,0,1,0,1,0,FALSE,FALSE,FALSE,FALSE,"everyone",FALSE,"g17070785",2.34,4.499,TRUE,141.9,169,FALSE,TRUE,384.4,338,12440036488,"12440036488","D4966E3C-8209-4DF2-ADBE-1D1602F83DF8.fit",FALSE,0,0,FALSE,NA,NA,NA,NA,NA,NA,2024-06-16,88.7833333333333,7.74572184870817,"Zone 2"
"52",2,"Zwift - Introductory Intervals in Watopia",24461.8,3209,3209,38,"VirtualRide","VirtualRide",NA,11646346424,2024-06-13,2024-06-13 15:38:04,"(GMT-06:00) America/Chicago",-18000,NA,NA,NA,0,0,0,6,0,FALSE,FALSE,FALSE,FALSE,"everyone",FALSE,"b7562538",7.623,10.566,TRUE,124.1,149,FALSE,TRUE,17.6,12.6,12427526119,"12427526119","zwift-activity-1630766038473768976.fit",FALSE,0,1,FALSE,78.8,148.4,230,157,476.2,TRUE,2024-06-16,53.4833333333333,15.1998956093802,"Zone 1"
"53",2,"Morning Run",6873.6,2881,2937,60,"Run","Run",NA,11634305822,2024-06-12,2024-06-12 05:56:09,"(GMT-06:00) America/Chicago",-18000,NA,NA,NA,0,1,0,1,0,FALSE,FALSE,FALSE,FALSE,"everyone",FALSE,"g17070785",2.386,3.48,TRUE,131.3,161,FALSE,TRUE,369.4,342,12415185120,"12415185120","2B4CF604-0C29-4307-9864-83EBC0756327.fit",FALSE,0,0,FALSE,NA,NA,NA,NA,NA,NA,2024-06-16,48.0166666666667,4.27106764263611,"Zone 1"
"54",2,"Zwift - Welcome Workout in Watopia",22980.1,3010,3010,37,"VirtualRide","VirtualRide",NA,11629671595,2024-06-11,2024-06-11 13:31:46,"(GMT-06:00) America/Chicago",-18000,NA,NA,NA,0,0,0,13,0,FALSE,FALSE,FALSE,FALSE,"everyone",FALSE,"b7562538",7.635,11.656,TRUE,125,156,FALSE,TRUE,17.6,12.6,12410416621,"12410416621","zwift-activity-1629252874435330080.fit",FALSE,0,2,FALSE,79.5,147.6,288,165,444.1,TRUE,2024-06-16,50.1666666666667,14.2792076254862,"Zone 1"
"55",2,"Lucia visits the zoo",5892.9,5711,17037,162.2,"Walk","Walk",NA,11621606552,2024-06-10,2024-06-10 09:43:36,"(GMT-06:00) America/Chicago",-18000,NA,NA,NA,0,3,0,1,0,FALSE,FALSE,FALSE,FALSE,"everyone",FALSE,NA,1.032,7.555,TRUE,94.7,121,FALSE,TRUE,346.6,311.6,12402134379,"12402134379","FA57CCF8-AD64-4B5A-B585-CA2614235B4D.fit",FALSE,0,1,FALSE,NA,NA,NA,NA,NA,NA,2024-06-16,95.1833333333333,3.66168739980365,"Zone 1"
"56",2,"Morning Run",4855.4,2149,2149,48.6,"Run","Run",NA,11618213302,2024-06-10,2024-06-10 05:52:25,"(GMT-06:00) America/Chicago",-18000,NA,NA,NA,0,2,0,1,0,FALSE,FALSE,FALSE,FALSE,"everyone",FALSE,"g17070785",2.259,3.303,TRUE,121.9,138,FALSE,TRUE,379.8,350.4,12398660558,"12398660558","ECFD7065-DFEC-4141-8370-02F89AB3FC21.fit",FALSE,0,0,FALSE,NA,NA,NA,NA,NA,NA,2024-06-16,35.8166666666667,3.01701318552947,"Zone 1"
"57",2,"Morning Run",10407.9,4602,4991,125.6,"Run","Run",NA,11603152970,2024-06-08,2024-06-08 06:24:50,"(GMT-06:00) America/Chicago",-18000,NA,NA,NA,0,2,0,1,0,FALSE,FALSE,FALSE,FALSE,"everyone",FALSE,"g17070785",2.262,5.599,TRUE,136.9,164,FALSE,TRUE,389.4,352.2,12383087232,"12383087232","6032CC61-6F55-4193-8E62-810AB45DDCC4.fit",FALSE,0,0,FALSE,NA,NA,NA,NA,NA,NA,2024-06-09,76.7,6.46718530577752,"Zone 2"
"58",2,"Afternoon Run",2602.9,964,964,29.2,"Run","Run",NA,11591095856,2024-06-06,2024-06-06 15:21:02,"(GMT-06:00) America/Chicago",-18000,NA,NA,NA,0,1,0,1,0,FALSE,FALSE,FALSE,FALSE,"everyone",FALSE,"g17070785",2.7,3.6,TRUE,143.8,160,FALSE,TRUE,369.2,350.6,12370699031,"12370699031","2FCDD46D-3AE2-4DA0-9B4C-8F9289306FDB.fit",FALSE,0,0,FALSE,NA,NA,NA,NA,NA,NA,2024-06-09,16.0666666666667,1.61737109622578,"Zone 2"
"59",2,"Zwift - 24. A Gentle Reminder in Watopia",17162.7,2152,2152,26,"VirtualRide","VirtualRide",NA,11590996593,2024-06-06,2024-06-06 14:42:55,"(GMT-06:00) America/Chicago",-18000,NA,NA,NA,0,0,0,11,0,FALSE,FALSE,FALSE,FALSE,"everyone",FALSE,"b7562538",7.975,10.672,TRUE,123.3,139,FALSE,TRUE,17.6,12.6,12370597981,"12370597981","zwift-activity-1625664884391804960.fit",FALSE,0,2,FALSE,82.9,164.7,214,171,354.5,TRUE,2024-06-09,35.8666666666667,10.6644338672996,"Zone 1"
"60",2,"Morning Run",6278.9,2700,2704,72.6,"Run","Run",NA,11579110572,2024-06-05,2024-06-05 06:33:24,"(GMT-06:00) America/Chicago",-18000,NA,NA,NA,0,0,0,1,0,FALSE,FALSE,FALSE,FALSE,"everyone",FALSE,"g17070785",2.326,3.659,TRUE,128.4,152,FALSE,TRUE,379,349.6,12358407977,"12358407977","BD626F9D-FE92-4855-885B-AB62C7C68752.fit",FALSE,0,0,FALSE,NA,NA,NA,NA,NA,NA,2024-06-09,45,3.90153727615047,"Zone 1"
"61",2,"Zwift - 02. Endurance Escalator in Watopia",24273.2,2956,2956,38,"VirtualRide","VirtualRide",NA,11574899795,2024-06-04,2024-06-04 15:32:51,"(GMT-06:00) America/Chicago",-18000,NA,NA,NA,0,0,0,1,0,FALSE,FALSE,FALSE,FALSE,"everyone",FALSE,"b7562538",8.212,10.608,TRUE,139.6,159,FALSE,TRUE,17.6,12.6,12354075678,"12354075678","zwift-activity-1624240369552064544.fit",FALSE,0,2,FALSE,84.7,173.2,252,182,512.1,TRUE,2024-06-09,49.2666666666667,15.0827047112481,"Zone 2"
"62",2,"Morning Run",4823.7,2144,2149,51.6,"Run","Run",NA,11562652266,2024-06-03,2024-06-03 06:36:17,"(GMT-06:00) America/Chicago",-18000,NA,NA,NA,0,0,0,1,0,FALSE,FALSE,FALSE,FALSE,"everyone",FALSE,"g17070785",2.25,3.254,TRUE,131,147,FALSE,TRUE,380.6,352.2,12341505830,"12341505830","E99D4AB1-75DA-4C91-A06C-4C47FBCEAC0E.fit",FALSE,0,0,FALSE,NA,NA,NA,NA,NA,NA,2024-06-09,35.7333333333333,2.99731566977767,"Zone 1"
"63",2,"Morning Run",10421.5,4483,4510,121.2,"Run","Run",NA,11548530742,2024-06-01,2024-06-01 08:45:57,"(GMT-06:00) America/Chicago",-18000,NA,NA,NA,0,1,0,1,0,FALSE,FALSE,FALSE,FALSE,"everyone",FALSE,"g17070785",2.325,3.546,TRUE,151,179,FALSE,TRUE,378.2,341.6,12326914521,"12326914521","69F670B8-D378-4916-8CE8-CD8AC01BBCDD.fit",FALSE,0,0,FALSE,NA,NA,NA,NA,NA,NA,2024-06-02,74.7166666666667,6.47563597499596,"Zone 3"
"64",2,"Zwift - Zwift Spring Training | Aerobic Rev Up in Watopia",19093.3,2417,2417,31,"VirtualRide","VirtualRide",NA,11536015142,2024-05-30,2024-05-30 15:58:29,"(GMT-06:00) America/Chicago",-18000,NA,NA,NA,0,0,0,5,0,FALSE,FALSE,FALSE,FALSE,"everyone",FALSE,"b7562538",7.9,10.726,TRUE,125.2,147,FALSE,TRUE,17.6,12.6,12314010823,"12314010823","zwift-activity-1620629382492078080.fit",FALSE,0,2,FALSE,78,163.6,273,173,395.4,TRUE,2024-06-02,40.2833333333333,11.8640560726758,"Zone 1"
"65",2,"Afternoon Swim",740.7,1507,1507,0,"Swim","Swim",NA,11528024241,2024-05-29,2024-05-29 15:31:33,"(GMT-05:00) America/Atikokan",-18000,NA,NA,NA,0,1,0,1,0,TRUE,FALSE,FALSE,FALSE,"everyone",FALSE,NA,0.491,3.92,TRUE,99.7,127,FALSE,TRUE,0,0,12305792494,"12305792494","7893CD82-47DC-43CD-8E57-6434B97465BA.fit",FALSE,0,0,FALSE,NA,NA,NA,NA,NA,NA,2024-06-02,25.1166666666667,0.460250786036512,"Zone 1"
"66",2,"Morning Run",4983.4,2188,2196,43.4,"Run","Run",NA,11524160581,2024-05-29,2024-05-29 06:35:09,"(GMT-06:00) America/Chicago",-18000,NA,NA,NA,0,0,0,1,0,FALSE,FALSE,FALSE,FALSE,"everyone",FALSE,"g17070785",2.278,3.826,TRUE,122.3,146,FALSE,TRUE,379.4,350.4,12301830682,"12301830682","AB29B8F3-364A-4974-A4A4-5BC1E2C9F11D.fit",FALSE,0,0,FALSE,NA,NA,NA,NA,NA,NA,2024-06-02,36.4666666666667,3.09654889582065,"Zone 1"
"67",2,"Zwift - Emily's Short Mix in Watopia",13187.8,1807,1807,90,"VirtualRide","VirtualRide",NA,11520209618,2024-05-28,2024-05-28 16:04:32,"(GMT-06:00) America/Chicago",-18000,NA,NA,NA,0,0,0,1,0,FALSE,FALSE,FALSE,FALSE,"everyone",FALSE,"b7562538",7.298,13.112,TRUE,129.1,154,FALSE,TRUE,42,-6.2,12297758423,"12297758423","zwift-activity-1619182952204238848.fit",FALSE,0,2,FALSE,85.2,198.1,277,209,357.9,TRUE,2024-06-02,30.1166666666667,8.19453937639032,"Zone 1"
"68",2,"Morning Run",4971.6,2180,2188,50,"Run","Run",NA,11509134756,2024-05-27,2024-05-27 08:08:02,"(GMT-06:00) America/Chicago",-18000,NA,NA,NA,0,0,0,1,0,FALSE,FALSE,FALSE,FALSE,"everyone",FALSE,"g17070785",2.281,3.385,TRUE,130.6,148,FALSE,TRUE,379,350.4,12286353799,"12286353799","99D91400-0871-4B5D-A92A-A53DD5F38BD0.fit",FALSE,0,0,FALSE,NA,NA,NA,NA,NA,NA,2024-06-02,36.3333333333333,3.08921669752818,"Zone 1"
"69",2,"Morning Walk",1693.9,1332,1464,26.8,"Walk","Walk",NA,11509134629,2024-05-27,2024-05-27 07:43:21,"(GMT-06:00) America/Chicago",-18000,NA,NA,NA,0,0,0,1,0,FALSE,FALSE,FALSE,FALSE,"everyone",FALSE,"g17343084",1.272,2.358,TRUE,82.9,106,FALSE,TRUE,370.6,350.8,12286353689,"12286353689","86B4781F-D415-4D6A-BEB7-CED8125DDAF5.fit",FALSE,0,0,FALSE,NA,NA,NA,NA,NA,NA,2024-06-02,22.2,1.05254327861111,"Zone 1"
"70",2,"Zwift - Recovery Spin in Watopia",19906.2,2655,2655,32,"VirtualRide","VirtualRide",NA,11503066629,2024-05-26,2024-05-26 09:37:03,"(GMT-06:00) America/Chicago",-18000,NA,NA,NA,0,0,0,9,0,FALSE,FALSE,FALSE,FALSE,"everyone",FALSE,"b7562538",7.498,10.182,TRUE,117.6,133,FALSE,TRUE,17.6,12.6,12280063314,"12280063314","zwift-activity-1617538377156952096.fit",FALSE,0,2,FALSE,80.7,136.3,186,140,361.8,TRUE,2024-06-02,44.25,12.3691699702984,"Zone 1"
"71",2,"Morning Run",8380.6,3598,3625,104,"Run","Run",NA,11494675369,2024-05-25,2024-05-25 09:05:07,"(GMT-06:00) America/Chicago",-18000,NA,NA,NA,0,0,0,1,0,FALSE,FALSE,FALSE,FALSE,"everyone",FALSE,"g17070785",2.329,3.534,TRUE,139.3,161,FALSE,TRUE,384.8,341,12271390178,"12271390178","E5CA64C5-8069-4789-817B-0EA1D50E52F5.fit",FALSE,0,0,FALSE,NA,NA,NA,NA,NA,NA,2024-05-26,59.9666666666667,5.20747635676737,"Zone 2"
"72",2,"Evening Walk",1709.7,1443,1963,25,"Walk","Walk",NA,11494675683,2024-05-24,2024-05-24 18:00:38,"(GMT-06:00) America/Chicago",-18000,NA,NA,NA,0,0,0,1,0,FALSE,FALSE,FALSE,FALSE,"everyone",FALSE,"g17343084",1.185,2.26,TRUE,97,119,FALSE,TRUE,369.8,347.8,12271390560,"12271390560","A208CD38-633D-42E7-948D-E50A094A3537.fit",FALSE,0,0,FALSE,NA,NA,NA,NA,NA,NA,2024-05-26,24.05,1.06236096785017,"Zone 1"
"73",2,"Afternoon Walk",1638.7,1377,1488,24.8,"Walk","Walk",NA,11482687989,2024-05-23,2024-05-23 16:06:27,"(GMT-06:00) America/Chicago",-18000,NA,NA,NA,0,0,0,1,0,FALSE,FALSE,FALSE,FALSE,"everyone",FALSE,"g17343084",1.19,1.926,TRUE,90.6,107,FALSE,TRUE,367.8,349.2,12259009048,"12259009048","BB0DFDC6-088F-4802-935D-8E9174E37402.fit",FALSE,0,0,FALSE,NA,NA,NA,NA,NA,NA,2024-05-26,22.95,1.01824350354804,"Zone 1"
"74",2,"Zwift - 3. Five Bumps Down in Watopia",17304.7,2411,2411,53,"VirtualRide","VirtualRide",NA,11481900750,2024-05-23,2024-05-23 15:16:12,"(GMT-06:00) America/Chicago",-18000,NA,NA,NA,0,0,0,7,0,FALSE,FALSE,FALSE,FALSE,"everyone",FALSE,"b7562538",7.177,14.786,TRUE,116.4,132,FALSE,TRUE,28,-6.4,12258202190,"12258202190","zwift-activity-1615534710035857408.fit",FALSE,0,2,FALSE,79.7,142.5,223,156,343.5,TRUE,2024-05-26,40.1833333333333,10.7526687959039,"Zone 1"
"75",2,"Afternoon Walk",1695.8,1155,1466,24.8,"Walk","Walk",NA,11474396843,2024-05-22,2024-05-22 16:01:29,"(GMT-06:00) America/Chicago",-18000,NA,NA,NA,0,0,0,1,0,FALSE,FALSE,FALSE,FALSE,"everyone",FALSE,"g17343084",1.468,2.409,TRUE,122,149,FALSE,TRUE,368.4,350.2,12250481126,"12250481126","78C41790-FB82-472E-B8FE-9EEC8FE31008.fit",FALSE,0,0,FALSE,NA,NA,NA,NA,NA,NA,2024-05-26,19.25,1.05372388681074,"Zone 1"
"76",2,"Afternoon Run",6231.9,2312,2326,71.2,"Run","Run",NA,11474180407,2024-05-22,2024-05-22 14:58:32,"(GMT-06:00) America/Chicago",-18000,NA,NA,NA,0,1,0,1,0,FALSE,FALSE,FALSE,FALSE,"everyone",FALSE,"g17070785",2.695,4.714,TRUE,150.4,176,FALSE,TRUE,372.4,341.4,12250260388,"12250260388","EC2A8213-0F14-4A06-9C10-D0051F608EE6.fit",FALSE,0,0,FALSE,NA,NA,NA,NA,NA,NA,2024-05-26,38.5333333333333,3.87233275752793,"Zone 3"
"77",2,"Zwift - 2 by 2 in Watopia",14338.3,1812,1812,54,"VirtualRide","VirtualRide",NA,11466544565,2024-05-21,2024-05-21 15:48:23,"(GMT-06:00) America/Chicago",-18000,NA,NA,NA,2,0,0,1,0,FALSE,FALSE,FALSE,FALSE,"everyone",FALSE,"b7562538",7.913,14.484,TRUE,129.8,164,FALSE,TRUE,100.2,0.4,12242420572,"12242420572","zwift-activity-1614101341263659024.fit",FALSE,1,3,FALSE,83.6,176.9,300,199,320.5,TRUE,2024-05-26,30.2,8.90942870990592,"Zone 1"
"78",2,"Morning Run",4637.2,2089,2101,39.6,"Run","Run",NA,11454616264,2024-05-20,2024-05-20 06:25:36,"(GMT-06:00) America/Chicago",-18000,NA,NA,NA,0,1,0,1,0,FALSE,FALSE,FALSE,FALSE,"everyone",FALSE,"g17070785",2.22,3.281,TRUE,127.3,150,FALSE,TRUE,378.8,350.2,12230167074,"12230167074","CB307C18-0749-453B-8DD9-BBC4871F89EC.fit",FALSE,0,0,FALSE,NA,NA,NA,NA,NA,NA,2024-05-26,34.8166666666667,2.88142965439248,"Zone 1"
"79",2,"Morning Run",6845.9,2871,2875,65.2,"Run","Run",NA,11439772508,2024-05-18,2024-05-18 08:47:02,"(GMT-06:00) America/Chicago",-18000,NA,NA,NA,0,0,0,1,0,FALSE,FALSE,FALSE,FALSE,"everyone",FALSE,"g17070785",2.385,4.026,TRUE,140.2,164,FALSE,TRUE,370.4,342.2,12214807306,"12214807306","3BB1EE27-97B4-4729-9339-2863C4F4E72C.fit",FALSE,0,0,FALSE,NA,NA,NA,NA,NA,NA,2024-05-19,47.85,4.25385561783091,"Zone 2"
"80",2,"Zwift - Tempus Fugit in Watopia",13988.9,1807,1807,21,"VirtualRide","VirtualRide",NA,11433977141,2024-05-17,2024-05-17 14:47:38,"(GMT-06:00) America/Chicago",-18000,NA,NA,NA,0,0,0,9,0,FALSE,FALSE,FALSE,FALSE,"everyone",FALSE,"b7562538",7.742,9.922,TRUE,120.5,144,FALSE,TRUE,17.6,12.6,12208831812,"12208831812","zwift-activity-1611171617830879248.fit",FALSE,0,1,FALSE,81.8,150.8,341,155,272.5,TRUE,2024-05-19,30.1166666666667,8.69232107572048,"Zone 1"
"81",2,"Afternoon Run",4534.2,1878,1892,56,"Run","Run",NA,11427658616,2024-05-16,2024-05-16 16:07:17,"(GMT-06:00) America/Chicago",-18000,NA,NA,NA,0,0,0,1,0,FALSE,FALSE,FALSE,FALSE,"everyone",FALSE,"g17070785",2.414,4.396,TRUE,143.7,171,FALSE,TRUE,377.8,345.2,12202314465,"12202314465","BAA0681F-B550-48A0-8057-D4884C55D483.fit",FALSE,0,0,FALSE,NA,NA,NA,NA,NA,NA,2024-05-19,31.3,2.81742826251755,"Zone 2"
"82",2,"Afternoon Walk",2287.4,1760,1818,31.2,"Walk","Walk",NA,11413481680,2024-05-14,2024-05-14 16:21:22,"(GMT-06:00) America/Chicago",-18000,NA,NA,NA,0,0,0,1,0,FALSE,FALSE,FALSE,FALSE,"everyone",FALSE,"g17343084",1.3,2.098,TRUE,95.3,113,FALSE,TRUE,379.2,351,12187750301,"12187750301","821D32E0-C627-44F4-8A8C-2E8162FD17D6.fit",FALSE,0,0,FALSE,NA,NA,NA,NA,NA,NA,2024-05-19,29.3333333333333,1.42132799781277,"Zone 1"
"83",2,"Zwift - Le Col - Training With Legends - Fabian Cancellara - Weekend Tune Up in Watopia",13550.7,1693,1693,33,"VirtualRide","VirtualRide",NA,11411877113,2024-05-14,2024-05-14 15:45:53,"(GMT-06:00) America/Chicago",-18000,NA,NA,NA,0,0,0,12,0,FALSE,FALSE,FALSE,FALSE,"everyone",FALSE,"b7562538",8.004,15.116,TRUE,125.5,152,FALSE,TRUE,28,-6.4,12186110023,"12186110023","zwift-activity-1609026708529250320.fit",FALSE,0,2,FALSE,80.7,164,273,177,277.6,TRUE,2024-05-19,28.2166666666667,8.42003554252054,"Zone 1"
"84",2,"Afternoon Walk",2413.2,1709,1709,30,"Walk","Walk",NA,11403787194,2024-05-13,2024-05-13 15:30:30,"(GMT-06:00) America/Chicago",-18000,NA,NA,NA,0,0,0,1,0,FALSE,FALSE,FALSE,FALSE,"everyone",FALSE,"g17343084",1.412,2.437,TRUE,107,122,FALSE,TRUE,378,350.4,12177817404,"12177817404","83948F21-1D93-43E6-A4F2-A7B7F721ADBF.fit",FALSE,0,0,FALSE,NA,NA,NA,NA,NA,NA,2024-05-19,28.4833333333333,1.49949668808331,"Zone 1"
"85",2,"Afternoon Run",3877.6,1586,1589,41,"Run","Run",NA,11403436812,2024-05-13,2024-05-13 14:40:13,"(GMT-06:00) America/Chicago",-18000,NA,NA,NA,0,0,0,1,0,FALSE,FALSE,FALSE,FALSE,"everyone",FALSE,"g17070785",2.445,3.796,TRUE,134.9,149,FALSE,TRUE,380.2,351.4,12177459035,"12177459035","80EC714A-B91B-4CC8-85A2-A56D561EC342.fit",FALSE,0,0,FALSE,NA,NA,NA,NA,NA,NA,2024-05-19,26.4333333333333,2.40943492363329,"Zone 1"
"86",2,"Lunch Walk",2396.9,1954,2161,40.2,"Walk","Walk",NA,11386907437,2024-05-11,2024-05-11 11:06:30,"(GMT-06:00) America/Chicago",-18000,NA,NA,NA,0,3,0,1,0,FALSE,FALSE,FALSE,FALSE,"everyone",FALSE,"g17070785",1.227,2.421,TRUE,107.1,133,FALSE,TRUE,367.4,345.6,12160391778,"12160391778","0E65BADB-9482-43E0-B0A3-798D70D5AE22.fit",FALSE,0,1,FALSE,NA,NA,NA,NA,NA,NA,2024-05-12,32.5666666666667,1.48936831247592,"Zone 1"
"87",2,"Brick B",4989,1764,1764,0,"Run","Run",NA,11386161794,2024-05-11,2024-05-11 09:41:00,"(GMT-06:00) America/Chicago",-18000,NA,NA,NA,0,1,0,1,0,FALSE,FALSE,TRUE,FALSE,"everyone",FALSE,"g17070785",2.828,0,FALSE,NA,NA,FALSE,FALSE,NA,NA,NA,NA,NA,FALSE,0,1,FALSE,NA,NA,NA,NA,NA,NA,2024-05-12,29.4,3.10002858314589,"NA"
"88",2,"Zwift - Brick A",20133.4,2253,2253,32,"VirtualRide","VirtualRide",NA,11385757737,2024-05-11,2024-05-11 09:00:42,"(GMT-06:00) America/Chicago",-18000,NA,NA,NA,4,0,0,7,0,FALSE,FALSE,FALSE,FALSE,"everyone",FALSE,"b7562538",8.936,10.686,TRUE,135.1,154,FALSE,TRUE,17.6,12.6,12159208436,"12159208436","zwift-activity-1606648402131582992.fit",FALSE,0,3,FALSE,83.2,208.9,402,211,470.6,TRUE,2024-05-12,37.55,12.5103458560652,"Zone 1"
"89",2,"Afternoon Walk",2357.6,1624,1686,30,"Walk","Walk",NA,11381092128,2024-05-09,2024-05-09 16:22:23,"(GMT-06:00) America/Chicago",-18000,NA,NA,NA,0,0,0,1,0,FALSE,FALSE,FALSE,FALSE,"everyone",FALSE,"g17343084",1.452,2.328,TRUE,104.8,117,FALSE,TRUE,380,352.2,12154388804,"12154388804","8D8C2730-86E7-416D-AD47-2A344C978697.fit",FALSE,0,0,FALSE,NA,NA,NA,NA,NA,NA,2024-05-12,27.0666666666667,1.46494836392558,"Zone 1"
"90",2,"Zwift - Loop de Loop in Watopia",19568,2726,2726,222,"VirtualRide","VirtualRide",NA,11372690328,2024-05-09,2024-05-09 15:25:25,"(GMT-06:00) America/Chicago",-18000,NA,NA,NA,5,0,0,1,0,FALSE,FALSE,FALSE,FALSE,"everyone",FALSE,"b7562538",7.178,18.668,TRUE,132.5,153,FALSE,TRUE,57.8,1.2,12145736340,"12145736340","zwift-activity-1605391894349643824.fit",FALSE,1,2,FALSE,78.6,181.6,469,190,495.1,TRUE,2024-05-12,45.4333333333333,12.1590217107634,"Zone 1"
"91",2,"Afternoon Run",5937.2,2359,2371,46.6,"Run","Run",NA,11364126615,2024-05-08,2024-05-08 14:51:42,"(GMT-06:00) America/Chicago",-18000,NA,NA,NA,0,0,0,1,0,FALSE,FALSE,FALSE,FALSE,"everyone",FALSE,"g17070785",2.517,4.766,TRUE,148.4,179,FALSE,TRUE,368,342.6,12136937146,"12136937146","4F2C731C-3A62-4951-8796-98D939957261.fit",FALSE,0,0,FALSE,NA,NA,NA,NA,NA,NA,2024-05-12,39.3166666666667,3.68921421203723,"Zone 2"
"92",2,"Evening Walk",2239.7,1910,1953,32,"Walk","Walk",NA,11357107417,2024-05-07,2024-05-07 18:14:48,"(GMT-06:00) America/Chicago",-18000,NA,NA,NA,0,0,0,1,0,FALSE,FALSE,FALSE,FALSE,"everyone",FALSE,"g17343084",1.173,1.957,TRUE,90.2,114,FALSE,TRUE,374.8,353.6,12129720115,"12129720115","0D36DE06-0C74-4E2E-A058-7C63C539D29E.fit",FALSE,0,0,FALSE,NA,NA,NA,NA,NA,NA,2024-05-12,31.8333333333333,1.39168851827457,"Zone 1"
"93",2,"Zwift - 13. Give and Take in Watopia",20019.2,2410,2410,60,"VirtualRide","VirtualRide",NA,11354410679,2024-05-07,2024-05-07 11:32:48,"(GMT-06:00) America/Chicago",-18000,NA,NA,NA,1,1,0,1,0,FALSE,FALSE,FALSE,FALSE,"everyone",FALSE,"b7562538",8.307,15.398,TRUE,141.9,163,FALSE,TRUE,28,-6.4,12126977808,"12126977808","zwift-activity-1603825809485758480.fit",FALSE,0,2,FALSE,84.6,182.3,277,194,439.4,TRUE,2024-05-12,40.1666666666667,12.4393850895398,"Zone 2"
"94",2,"Morning Run",4867.7,2093,2101,43,"Run","Run",NA,11344857089,2024-05-06,2024-05-06 06:29:51,"(GMT-06:00) America/Chicago",-18000,NA,NA,NA,0,0,0,1,0,FALSE,FALSE,FALSE,FALSE,"everyone",FALSE,"g17070785",2.326,3.343,TRUE,128.7,150,FALSE,TRUE,377.8,349,12117173149,"12117173149","048A2FFA-FF01-4849-9EA4-C3B8F0662D8F.fit",FALSE,0,0,FALSE,NA,NA,NA,NA,NA,NA,2024-05-12,34.8833333333333,3.02465607019026,"Zone 1"
"95",2,"Lunch Walk",1140.2,908,1014,19.4,"Walk","Walk",NA,11341274836,2024-05-05,2024-05-05 11:23:35,"(GMT-06:00) America/Chicago",-18000,NA,NA,NA,0,0,0,1,0,FALSE,FALSE,FALSE,FALSE,"everyone",FALSE,"g17343084",1.256,2.034,TRUE,82.2,101,FALSE,TRUE,370.6,358.4,12113470424,"12113470424","814687C6-E841-4CF8-80DA-34A4C9BEED8C.fit",FALSE,0,0,FALSE,NA,NA,NA,NA,NA,NA,2024-05-12,15.1333333333333,0.70848919432811,"Zone 1"
"96",2,"Morning Run",7838.3,3378,3392,63.2,"Run","Run",NA,11330994003,2024-05-04,2024-05-04 09:14:55,"(GMT-06:00) America/Chicago",-18000,NA,NA,NA,0,0,0,1,0,FALSE,FALSE,FALSE,FALSE,"everyone",FALSE,"g17070785",2.32,3.85,TRUE,143.1,166,FALSE,TRUE,371,342.8,12102873856,"12102873856","88E23CA9-ABF0-44DE-85DF-FDCFB70FF858.fit",FALSE,0,0,FALSE,NA,NA,NA,NA,NA,NA,2024-05-05,56.3,4.87050592168218,"Zone 2"
"97",2,"Evening Walk",1677.4,1264,1353,22.2,"Walk","Walk",NA,11330993430,2024-05-03,2024-05-03 18:15:50,"(GMT-06:00) America/Chicago",-18000,NA,NA,NA,0,0,0,1,0,FALSE,FALSE,FALSE,FALSE,"everyone",FALSE,"g17343084",1.327,2.025,TRUE,99.4,117,FALSE,TRUE,368.8,350.4,12102873487,"12102873487","499868B2-477C-4C32-AB48-842797EDE1DF.fit",FALSE,0,0,FALSE,NA,NA,NA,NA,NA,NA,2024-05-05,21.0666666666667,1.04229062845639,"Zone 1"
"98",2,"Zwift - Zwift Spring Training | Aerobic Rev Up in Watopia",18621.1,2411,2411,59,"VirtualRide","VirtualRide",NA,11318106978,2024-05-02,2024-05-02 15:08:51,"(GMT-06:00) America/Chicago",-18000,NA,NA,NA,0,1,0,3,0,FALSE,FALSE,FALSE,FALSE,"everyone",FALSE,"b7562538",7.723,14.784,TRUE,139.2,160,FALSE,TRUE,28,-6.4,12089628294,"12089628294","zwift-activity-1600310786591309824.fit",FALSE,0,3,FALSE,75.9,164,239,173,395.5,TRUE,2024-05-05,40.1833333333333,11.5706438664297,"Zone 2"
"99",2,"Morning Run",4459.7,1905,1921,42.6,"Run","Run",NA,11306680855,2024-05-01,2024-05-01 06:36:37,"(GMT-06:00) America/Chicago",-18000,NA,NA,NA,0,0,0,1,0,FALSE,FALSE,FALSE,FALSE,"everyone",FALSE,"g17070785",2.341,5.274,TRUE,127.3,159,FALSE,TRUE,377.4,347.2,12077871711,"12077871711","572D9F00-95FD-49DD-B907-991FF5DE4389.fit",FALSE,0,0,FALSE,NA,NA,NA,NA,NA,NA,2024-05-05,31.75,2.77113599363714,"Zone 1"
"100",2,"Evening Walk",1947.2,1676,1888,28.4,"Walk","Walk",NA,11303326515,2024-04-30,2024-04-30 18:28:49,"(GMT-06:00) America/Chicago",-18000,NA,NA,NA,0,0,0,1,0,FALSE,FALSE,FALSE,FALSE,"everyone",FALSE,"g17343084",1.162,1.919,TRUE,99.3,122,FALSE,TRUE,370.2,355,12074418844,"12074418844","4C8DCE42-5EA3-40EE-9CBB-2095CD8B6B6C.fit",FALSE,0,0,FALSE,NA,NA,NA,NA,NA,NA,2024-05-05,27.9333333333333,1.2099369928045,"Zone 1"
"101",2,"Afternoon Walk",1071.9,782,819,15.6,"Walk","Walk",NA,11303326393,2024-04-30,2024-04-30 16:53:00,"(GMT-06:00) America/Chicago",-18000,NA,NA,NA,0,0,0,1,0,FALSE,FALSE,FALSE,FALSE,"everyone",FALSE,"g17343084",1.371,2.292,TRUE,95.5,115,FALSE,TRUE,376,360.4,12074418775,"12074418775","B8C8C630-D701-4BB1-A261-68A58A234DBD.fit",FALSE,0,0,FALSE,NA,NA,NA,NA,NA,NA,2024-05-05,13.0333333333333,0.666049436414928,"Zone 1"
"102",2,"Zwift -Intervals",17798.4,2247,2247,74,"VirtualRide","VirtualRide",NA,11300546856,2024-04-30,2024-04-30 12:15:59,"(GMT-06:00) America/Chicago",-18000,NA,NA,NA,0,0,0,1,0,FALSE,FALSE,FALSE,FALSE,"everyone",FALSE,"b7562538",7.921,14.458,TRUE,132.2,153,FALSE,TRUE,100.2,0.4,12071587321,"12071587321","zwift-activity-1598774194085068800.fit",FALSE,0,3,FALSE,79.2,169.5,309,183,380.8,TRUE,2024-05-05,37.45,11.0594405159879,"Zone 1"
"103",2,"Morning Run",4564,1996,1999,42.4,"Run","Run",NA,11290245132,2024-04-29,2024-04-29 06:37:03,"(GMT-06:00) America/Chicago",-18000,NA,NA,NA,0,3,0,1,0,FALSE,FALSE,FALSE,FALSE,"everyone",FALSE,"g17070785",2.287,3.227,TRUE,125.5,157,FALSE,TRUE,378.6,349.8,12060987450,"12060987450","F716CD3F-20CF-42F4-904D-BEA7672F7E4A.fit",FALSE,0,0,FALSE,NA,NA,NA,NA,NA,NA,2024-05-05,33.2666666666667,2.83594517006972,"Zone 1"
"104",2,"Afternoon Walk",1639.4,1247,1309,28.2,"Walk","Walk",NA,11287126133,2024-04-28,2024-04-28 16:29:49,"(GMT-06:00) America/Chicago",-18000,NA,NA,NA,0,0,0,1,0,FALSE,FALSE,FALSE,FALSE,"everyone",FALSE,"g17343084",1.315,2.147,TRUE,89.1,110,FALSE,TRUE,368,348.8,12057751484,"12057751484","8E7072C6-7BBD-4EAF-A95D-678AE7D9600B.fit",FALSE,0,0,FALSE,NA,NA,NA,NA,NA,NA,2024-05-05,20.7833333333333,1.01867846446369,"Zone 1"
"105",2,"Morning Walk",2682.8,2152,2152,34.2,"Walk","Walk",NA,11284229636,2024-04-28,2024-04-28 07:53:00,"(GMT-06:00) America/Chicago",-18000,NA,NA,NA,0,0,0,1,0,FALSE,FALSE,FALSE,FALSE,"everyone",FALSE,"g17343084",1.247,2.172,TRUE,87.8,108,FALSE,TRUE,368.8,343.2,12054764264,"12054764264","A2DD5CB1-3BEF-4EE7-82F8-C6F259BEED61.fit",FALSE,0,0,FALSE,NA,NA,NA,NA,NA,NA,2024-05-05,35.8666666666667,1.6670187778841,"Zone 1"
"106",2,"Brick Run",4280.9,1804,1804,24.4,"Run","Run",NA,11276548323,2024-04-27,2024-04-27 09:40:00,"(GMT-06:00) America/Chicago",-18000,NA,NA,NA,0,0,0,1,0,FALSE,FALSE,TRUE,FALSE,"everyone",FALSE,"g17070785",2.373,0,FALSE,NA,NA,FALSE,FALSE,NA,NA,NA,NA,NA,FALSE,0,0,FALSE,NA,NA,NA,NA,NA,NA,2024-04-28,30.0666666666667,2.66003454832416,"NA"
"107",2,"Zwift - The Cafe Ride in Watopia",14712.2,1808,1808,25,"VirtualRide","VirtualRide",NA,11276072120,2024-04-27,2024-04-27 09:07:57,"(GMT-06:00) America/Chicago",-18000,NA,NA,NA,0,0,0,30,0,FALSE,FALSE,FALSE,FALSE,"everyone",FALSE,"b7562538",8.137,10.648,FALSE,NA,NA,FALSE,FALSE,17.6,12.6,12046406259,"12046406259","zwift-activity-1596505158299189264.fit",FALSE,0,2,FALSE,84.5,152.7,208,156,276.1,TRUE,2024-04-28,30.1333333333333,9.14175997613929,"NA"
"108",2,"Evening Walk",1643.2,1249,1267,26.2,"Walk","Walk",NA,11272193165,2024-04-26,2024-04-26 18:07:32,"(GMT-06:00) America/Chicago",-18000,NA,NA,NA,0,0,0,1,0,FALSE,FALSE,FALSE,FALSE,"everyone",FALSE,"g17343084",1.316,2.071,TRUE,96.7,121,FALSE,TRUE,366.6,344.6,12042391441,"12042391441","FCBFFCFB-D38D-435A-A2DC-C087ABB829DE.fit",FALSE,0,0,FALSE,NA,NA,NA,NA,NA,NA,2024-04-28,20.8166666666667,1.02103968086296,"Zone 1"
"109",2,"Afternoon Run",3936.6,1612,1620,41.2,"Run","Run",NA,11263854782,2024-04-25,2024-04-25 15:09:25,"(GMT-06:00) America/Chicago",-18000,NA,NA,NA,0,0,0,1,0,FALSE,FALSE,FALSE,FALSE,"everyone",FALSE,"g17070785",2.442,4.896,TRUE,134.3,169,FALSE,TRUE,379.6,354,12033783249,"12033783249","E15984AA-8134-43B5-995B-68996EACE10E.fit",FALSE,0,0,FALSE,NA,NA,NA,NA,NA,NA,2024-04-28,26.8666666666667,2.44609591509563,"Zone 1"
"110",2,"Afternoon Walk",1615.8,1240,1325,25.2,"Walk","Walk",NA,11257304678,2024-04-24,2024-04-24 16:56:35,"(GMT-06:00) America/Chicago",-18000,NA,NA,NA,0,1,0,1,0,FALSE,FALSE,FALSE,FALSE,"everyone",FALSE,"g17343084",1.303,2.022,TRUE,97,113,FALSE,TRUE,368.8,350,12026838311,"12026838311","168EEABA-3CB3-4EB7-A3B4-14BCB86E0914.fit",FALSE,0,0,FALSE,NA,NA,NA,NA,NA,NA,2024-04-28,20.6666666666667,1.00401406787876,"Zone 1"
"111",2,"Zwift - Easy Ride",14154.7,1843,1843,24,"VirtualRide","VirtualRide",NA,11256732430,2024-04-24,2024-04-24 15:31:26,"(GMT-06:00) America/Chicago",-18000,NA,NA,NA,0,1,0,17,0,FALSE,FALSE,FALSE,FALSE,"everyone",FALSE,"b7562538",7.68,9.746,TRUE,124.2,146,FALSE,TRUE,17.6,12.6,12026252980,"12026252980","zwift-activity-1594523874291089408.fit",FALSE,0,2,FALSE,81.6,145.3,204,153,267.8,TRUE,2024-04-28,30.7166666666667,8.79534467545702,"Zone 1"
"112",2,"Afternoon Walk",1627.1,1208,1225,25,"Walk","Walk",NA,11250295811,2024-04-23,2024-04-23 17:54:51,"(GMT-06:00) America/Chicago",-18000,NA,NA,NA,0,0,0,1,0,FALSE,FALSE,FALSE,FALSE,"everyone",FALSE,"g17343084",1.347,2.496,TRUE,98.4,122,FALSE,TRUE,370,351.2,12019642339,"12019642339","3DBE58AB-0F76-4935-9062-D5810915ABD5.fit",FALSE,0,0,FALSE,NA,NA,NA,NA,NA,NA,2024-04-28,20.1333333333333,1.0110355798029,"Zone 1"
"113",2,"Nike Run Club: Tuesday Morning Run",3387.7,1532,1535,12,"Run","Run",NA,11245552071,2024-04-23,2024-04-23 06:56:40,"(GMT-06:00) America/Chicago",-18000,NA,NA,NA,0,0,0,1,0,FALSE,FALSE,FALSE,FALSE,"everyone",FALSE,"g17070785",2.211,3.008,TRUE,126.5,141,FALSE,TRUE,378.6,349.4,12014797614,"12014797614","f10d24d1-a1a3-47e5-9be5-1ee1e97f8970.fit",FALSE,0,0,FALSE,72.1,NA,NA,NA,NA,NA,2024-04-28,25.5333333333333,2.10502441994855,"Zone 1"
"114",2,"Afternoon Walk",1612.3,1225,1249,24.8,"Walk","Walk",NA,11241659636,2024-04-22,2024-04-22 15:59:38,"(GMT-06:00) America/Chicago",-18000,NA,NA,NA,0,1,0,1,0,FALSE,FALSE,FALSE,FALSE,"everyone",FALSE,"g17343084",1.316,2.209,TRUE,100.8,122,FALSE,TRUE,369.4,350.6,12010791869,"12010791869","B8687DF8-C867-4EBE-903C-E7BC4F996055.fit",FALSE,0,0,FALSE,NA,NA,NA,NA,NA,NA,2024-04-28,20.4166666666667,1.00183926330048,"Zone 1"
"115",2,"Zwift - 20-40's in Watopia",16291.5,2246,2322,51,"VirtualRide","VirtualRide",NA,11241321254,2024-04-22,2024-04-22 14:42:18,"(GMT-06:00) America/Chicago",-18000,NA,NA,NA,0,0,0,35,0,FALSE,FALSE,FALSE,FALSE,"everyone",FALSE,"b7562538",7.254,15.25,TRUE,51.8,151,FALSE,TRUE,28,-6.4,12010448103,"12010448103","zwift-activity-1593049582869151760.fit",FALSE,0,3,FALSE,80,147.1,376,164,330.4,TRUE,2024-04-28,37.4333333333333,10.1230939391303,"Zone 1"
"116",2,"Afternoon Walk",2689.4,2202,2262,36.8,"Walk","Walk",NA,11238162593,2024-04-21,2024-04-21 15:49:15,"(GMT-06:00) America/Chicago",-18000,NA,NA,NA,0,0,0,1,0,FALSE,FALSE,FALSE,FALSE,"everyone",FALSE,"g17343084",1.221,3.614,TRUE,90.8,120,FALSE,TRUE,377,348.4,12007198799,"12007198799","FBAC8CF0-E81F-4BC5-8648-81F137A5F92B.fit",FALSE,0,0,FALSE,NA,NA,NA,NA,NA,NA,2024-04-28,36.7,1.67111983794599,"Zone 1"
"117",2,"Morning Run",6868.6,2990,3005,58.6,"Run","Run",NA,11224444790,2024-04-20,2024-04-20 08:38:50,"(GMT-06:00) America/Chicago",-18000,NA,NA,NA,0,1,0,1,0,FALSE,FALSE,FALSE,FALSE,"everyone",FALSE,"g17070785",2.297,3.361,TRUE,142.4,166,FALSE,TRUE,369.2,341.2,11993005106,"11993005106","6A2F3723-7854-4E64-A5F5-0671A96A0692.fit",FALSE,0,0,FALSE,NA,NA,NA,NA,NA,NA,2024-04-21,49.8333333333333,4.26796077895286,"Zone 2"
"118",2,"Zwift - No Nonsense in Watopia",17592,2177,2177,27,"VirtualRide","VirtualRide",NA,11212697326,2024-04-18,2024-04-18 15:10:16,"(GMT-06:00) America/Chicago",-18000,NA,NA,NA,0,1,0,18,0,FALSE,FALSE,FALSE,FALSE,"everyone",FALSE,"b7562538",8.081,10.874,TRUE,130,150,FALSE,TRUE,17.6,12.6,11980903302,"11980903302","zwift-activity-1590164634067812368.fit",FALSE,0,2,FALSE,77.8,163.4,232,175,355.8,TRUE,2024-04-21,36.2833333333333,10.9311891831434,"Zone 1"
"119",2,"Afternoon Run",3946.5,1627,1627,38.2,"Run","Run",NA,11205717946,2024-04-17,2024-04-17 16:11:16,"(GMT-06:00) America/Chicago",-18000,NA,NA,NA,0,0,0,1,0,FALSE,FALSE,FALSE,FALSE,"everyone",FALSE,"g17070785",2.426,5.046,TRUE,135.1,171,FALSE,TRUE,380.6,351.4,11973744688,"11973744688","70D21BF4-2A6A-412B-A498-CBE4CED01D05.fit",FALSE,0,0,FALSE,NA,NA,NA,NA,NA,NA,2024-04-21,27.1166666666667,2.45224750518846,"Zone 1"
"120",2,"Zwift - Up and Down in Watopia",16869.4,2122,2122,26,"VirtualRide","VirtualRide",NA,11198102289,2024-04-16,2024-04-16 15:38:02,"(GMT-06:00) America/Chicago",-18000,NA,NA,NA,0,0,0,33,0,FALSE,FALSE,FALSE,FALSE,"everyone",FALSE,"b7562538",7.95,10.694,TRUE,123.5,151,FALSE,TRUE,17.6,12.6,11965948715,"11965948715","zwift-activity-1588729033623879696.fit",FALSE,0,2,FALSE,77.2,156.4,247,173,331.9,TRUE,2024-04-21,35.3666666666667,10.4821852436403,"Zone 1"
"121",2,"Afternoon Run",4810.4,2093,2093,43.8,"Run","Run",0,11190387579,2024-04-15,2024-04-15 15:12:47,"(GMT-06:00) America/Chicago",-18000,NA,NA,NA,0,0,0,1,0,FALSE,FALSE,FALSE,FALSE,"everyone",FALSE,"g17070785",2.298,3.194,TRUE,143.5,163,FALSE,TRUE,380.4,351.8,11958064864,"11958064864","A1747FB4-76E0-41FA-954C-D6B1966A8D72.fit",FALSE,0,0,FALSE,NA,NA,NA,NA,NA,NA,2024-04-21,34.8833333333333,2.98905141238023,"Zone 2"
"122",2,"Afternoon Walk",1693.5,1340,1472,30.4,"Walk","Walk",NA,11175121947,2024-04-13,2024-04-13 14:03:59,"(GMT-06:00) America/Chicago",-18000,NA,NA,NA,0,0,0,1,0,FALSE,FALSE,FALSE,FALSE,"everyone",FALSE,"g12846677",1.264,2.039,TRUE,96.6,120,FALSE,TRUE,370.8,352,11942265767,"11942265767","34E310B1-E19B-45A2-906A-C3B1CBBA9883.fit",FALSE,0,0,FALSE,NA,NA,NA,NA,NA,NA,2024-04-14,22.3333333333333,1.05229472951645,"Zone 1"
"123",2,"Lunch Run",4773.8,1977,1980,93.4,"Run","Run",0,11166173237,2024-04-12,2024-04-12 12:25:39,"(GMT-06:00) America/Chicago",-18000,NA,NA,NA,1,0,0,1,0,FALSE,FALSE,FALSE,FALSE,"everyone",FALSE,"g17070785",2.415,3.419,TRUE,146.5,169,FALSE,TRUE,392,350.4,11933065363,"11933065363","308B06B7-15CA-4C49-8F68-2A0162ACE219.fit",FALSE,0,0,FALSE,NA,NA,NA,NA,NA,NA,2024-04-14,32.95,2.96630917021885,"Zone 2"
"124",2,"Zwift - Over - Unders in Watopia",16689.8,1969,1969,26,"VirtualRide","VirtualRide",NA,11165848522,2024-04-12,2024-04-12 11:47:47,"(GMT-06:00) America/Chicago",-18000,NA,NA,NA,0,0,0,21,0,FALSE,FALSE,FALSE,FALSE,"everyone",FALSE,"b7562538",8.476,11.624,TRUE,136.3,153,FALSE,TRUE,17.6,12.6,11932732868,"11932732868","zwift-activity-1585713959820869648.fit",FALSE,0,2,FALSE,81.6,176.1,239,191,346.8,TRUE,2024-04-14,32.8166666666667,10.3705867001379,"Zone 2"
"125",2,"Zwift - Slow Motion in Scotland",13380.4,1986,1986,146,"VirtualRide","VirtualRide",NA,11152586468,2024-04-10,2024-04-10 15:16:43,"(GMT-06:00) America/Chicago",-18000,NA,NA,NA,3,0,0,23,0,FALSE,FALSE,FALSE,FALSE,"everyone",FALSE,"b7562538",6.737,13.562,TRUE,133.7,159,FALSE,TRUE,50.6,34.6,11919113464,"11919113464","zwift-activity-1584369623589978160.fit",FALSE,1,3,FALSE,69.1,150.9,257,167,299.6,TRUE,2024-04-14,33.1,8.31421576546907,"Zone 1"
"126",2,"Afternoon Walk",1891,1492,1524,31.2,"Walk","Walk",NA,11145628404,2024-04-09,2024-04-09 17:32:42,"(GMT-06:00) America/Chicago",-18000,NA,NA,NA,0,0,0,1,0,FALSE,FALSE,FALSE,FALSE,"everyone",FALSE,"g12846677",1.267,2.124,TRUE,103.9,124,FALSE,TRUE,377.2,360,11911974505,"11911974505","15BC5E80-9A25-46BA-AA44-6C160059C27F.fit",FALSE,0,0,FALSE,NA,NA,NA,NA,NA,NA,2024-04-14,24.8666666666667,1.17501584500478,"Zone 1"
"127",2,"Afternoon Run",3913.1,1662,1677,37.6,"Run","Run",0,11145043343,2024-04-09,2024-04-09 15:50:16,"(GMT-06:00) America/Chicago",-18000,NA,NA,NA,0,0,0,1,0,FALSE,FALSE,FALSE,FALSE,"everyone",FALSE,"g17070785",2.354,3.304,TRUE,139.6,161,FALSE,TRUE,380.2,351.8,11911382131,"11911382131","5159FC58-E9EB-4436-A696-11C786CC224C.fit",FALSE,0,0,FALSE,NA,NA,NA,NA,NA,NA,2024-04-14,27.7,2.43149365578436,"Zone 2"
"128",2,"Zwift - The Beginning in Richmond",14419.9,1991,1991,56,"VirtualRide","VirtualRide",NA,11137433224,2024-04-08,2024-04-08 15:26:12,"(GMT-06:00) America/Chicago",-18000,NA,NA,NA,3,0,0,5,0,FALSE,FALSE,FALSE,FALSE,"everyone",FALSE,"b7562538",7.243,12.118,TRUE,132.7,160,FALSE,TRUE,64.6,51.6,11903605633,"11903605633","zwift-activity-1582924838165544976.fit",FALSE,0,3,FALSE,80.6,152.3,252,173,303.3,TRUE,2024-04-14,33.1833333333333,8.96013272521655,"Zone 1"
"129",2,"Afternoon Run",3880.6,1694,1698,60.2,"Run","Run",NA,11137444719,2024-04-05,2024-04-05 14:30:46,"(GMT-06:00) America/Chicago",-18000,NA,NA,NA,0,0,0,1,0,FALSE,FALSE,FALSE,FALSE,"everyone",FALSE,"g12846677",2.291,3.236,TRUE,137.6,156,FALSE,TRUE,378.6,348.2,11903617460,"11903617460","41F8FAAB-1394-4CF1-B5DC-E9114B7C674A.fit",FALSE,0,0,FALSE,NA,NA,NA,NA,NA,NA,2024-04-07,28.2333333333333,2.41129904184324,"Zone 2"
"130",2,"Zwift - Basics in Watopia",13649.8,1814,1814,54,"VirtualRide","VirtualRide",NA,11093915762,2024-04-02,2024-04-02 16:38:13,"(GMT-06:00) America/Chicago",-18000,NA,NA,NA,2,0,0,4,0,FALSE,FALSE,FALSE,FALSE,"everyone",FALSE,"b7562538",7.525,14.394,TRUE,137,160,FALSE,TRUE,100.2,0.4,11858657488,"11858657488","zwift-activity-1578612464298262544.fit",FALSE,0,2,FALSE,84.2,152,389,168,275.7,TRUE,2024-04-07,30.2333333333333,8.48161358072253,"Zone 2"
"131",2,"Afternoon Run",3647.6,1551,1551,47.2,"Run","Run",NA,11064204971,2024-03-29,2024-03-29 14:04:06,"(GMT-06:00) America/Chicago",-18000,NA,NA,NA,0,2,0,1,0,FALSE,FALSE,FALSE,FALSE,"everyone",FALSE,"g12846677",2.352,4.34,TRUE,140.8,172,FALSE,TRUE,380.6,349.2,11826578373,"11826578373","77CD14EE-6B4F-49B5-924A-99F0F189232E.fit",FALSE,0,0,FALSE,NA,NA,NA,NA,NA,NA,2024-03-31,25.85,2.26651919420383,"Zone 2"
"132",2,"Afternoon Run",3599.9,1503,1527,50,"Run","Run",0,11052519123,2024-03-27,2024-03-27 16:02:49,"(GMT-06:00) America/Chicago",-18000,NA,NA,NA,0,0,0,1,0,FALSE,FALSE,FALSE,FALSE,"everyone",FALSE,"g12846677",2.395,3.422,TRUE,138.8,161,FALSE,TRUE,381.2,350.4,11814451631,"11814451631","29B380C3-FBA2-4071-AE4A-F13638CA089F.fit",FALSE,0,0,FALSE,NA,NA,NA,NA,NA,NA,2024-03-31,25.05,2.23687971466564,"Zone 2"
"133",2,"Zwift - Ramp Test in Watopia",8310.9,980,980,12,"VirtualRide","VirtualRide",NA,11044558443,2024-03-26,2024-03-26 15:49:37,"(GMT-06:00) America/Chicago",-18000,NA,NA,NA,0,0,0,47,0,FALSE,FALSE,FALSE,FALSE,"everyone",FALSE,"b7562538",8.481,11.04,FALSE,NA,NA,FALSE,FALSE,17.6,12.8,11806139141,"11806139141","zwift-activity-1573514493533650960.fit",FALSE,0,1,FALSE,75.6,180.3,410,203,176.7,TRUE,2024-03-31,16.3333333333333,5.16416667702288,"NA"
"134",2,"Morning Run",3453.3,1503,1503,32.6,"Run","Run",NA,11052519088,2024-03-21,2024-03-21 09:25:58,"(GMT-05:00) America/New_York",-14400,NA,NA,NA,0,0,0,1,0,FALSE,FALSE,FALSE,FALSE,"everyone",FALSE,NA,2.298,3.33,TRUE,138.2,155,FALSE,TRUE,16.4,9.8,11814451580,"11814451580","D61D5680-575C-4E62-8C99-74802A452E2C.fit",FALSE,0,0,FALSE,NA,NA,NA,NA,NA,NA,2024-03-24,25.05,2.14578647147278,"Zone 2"
"135",2,"Morning Run",3262.3,1439,1443,41.2,"Run","Run",NA,11000101256,2024-03-20,2024-03-20 07:58:18,"(GMT-05:00) America/New_York",-14400,NA,NA,NA,0,0,0,1,0,FALSE,FALSE,FALSE,FALSE,"everyone",FALSE,NA,2.267,3.297,TRUE,129.1,145,FALSE,TRUE,12.4,4.6,11759953350,"11759953350","5F4327C1-802B-4CB8-BB9A-8AAE00583C0F.fit",FALSE,0,0,FALSE,NA,NA,NA,NA,NA,NA,2024-03-24,23.9833333333333,2.02710427877266,"Zone 1"
"136",2,"Afternoon Run",3878.8,1692,1712,52.4,"Run","Run",NA,10939613541,2024-03-11,2024-03-11 14:54:58,"(GMT-06:00) America/Chicago",-18000,NA,NA,NA,0,0,0,1,0,FALSE,FALSE,FALSE,FALSE,"everyone",FALSE,NA,2.292,3.672,TRUE,141.1,162,FALSE,TRUE,379.4,350,11696963138,"11696963138","A9A13164-FC92-4DE7-908E-0A9E888621E7.fit",FALSE,0,0,FALSE,NA,NA,NA,NA,NA,NA,2024-03-17,28.2,2.41018057091727,"Zone 2"
"137",2,"Zwift - Control The Burn in Watopia",7578.4,929,929,33,"VirtualRide","VirtualRide",NA,10919132762,2024-03-08,2024-03-08 16:30:12,"(GMT-06:00) America/Chicago",-21600,NA,NA,NA,1,0,0,3,0,FALSE,FALSE,FALSE,FALSE,"everyone",FALSE,"b7562538",8.158,14.666,FALSE,NA,NA,FALSE,FALSE,100.2,0.4,11675596322,"11675596322","zwift-activity-1560519150512635904.fit",FALSE,1,2,FALSE,78.2,178.3,254,181,165.7,TRUE,2024-03-10,15.4833333333333,4.7090111474269,"NA"
"138",2,"Zwift - Brisk Burn in Watopia",7216.7,969,969,32,"VirtualRide","VirtualRide",NA,10898862729,2024-03-05,2024-03-05 16:09:33,"(GMT-06:00) America/Chicago",-21600,NA,NA,NA,0,0,0,34,0,FALSE,FALSE,FALSE,FALSE,"everyone",FALSE,"b7562538",7.448,12.072,FALSE,NA,NA,FALSE,FALSE,20,-6.2,11654325055,"11654325055","zwift-activity-1558334508619546624.fit",FALSE,0,2,FALSE,79.8,169,269,170,163.8,TRUE,2024-03-10,16.15,4.48426062858066,"NA"
"139",2,"Lunch Run",3373.5,1437,1448,46.6,"Run","Run",NA,10875949480,2024-03-02,2024-03-02 11:33:55,"(GMT-06:00) America/Chicago",-21600,NA,NA,NA,0,0,0,1,0,FALSE,FALSE,FALSE,FALSE,"everyone",FALSE,NA,2.348,3.66,TRUE,137.7,156,FALSE,TRUE,379.2,351.4,11624751391,"11624751391","7C6EE885-D1FB-448A-9CD4-8698E22D1F64.fit",FALSE,0,0,FALSE,NA,NA,NA,NA,NA,NA,2024-03-03,23.95,2.09620092708812,"Zone 2"
"140",2,"Zwift - Instant Inferno in Watopia",9412.5,1090,1090,15,"VirtualRide","VirtualRide",NA,10869907713,2024-03-01,2024-03-01 15:15:33,"(GMT-06:00) America/Chicago",-21600,NA,NA,NA,0,0,0,71,0,FALSE,FALSE,FALSE,FALSE,"everyone",FALSE,"b7562538",8.635,12.78,FALSE,NA,NA,FALSE,FALSE,17.6,12.8,11618520575,"11618520575","zwift-activity-1555408227108159504.fit",FALSE,0,2,FALSE,80.2,182.9,245,184,199.4,TRUE,2024-03-03,18.1666666666667,5.84867088371631,"NA"
"141",2,"Zwift - Fit & Fun in Watopia",10436.6,1318,1318,42,"VirtualRide","VirtualRide",NA,10850674187,2024-02-27,2024-02-27 15:33:37,"(GMT-06:00) America/Chicago",-21600,NA,NA,NA,0,0,0,5,0,FALSE,FALSE,FALSE,FALSE,"everyone",FALSE,"b7562538",7.919,14.474,FALSE,NA,NA,FALSE,FALSE,100.2,0.4,11598713925,"11598713925","zwift-activity-1553242904498028560.fit",FALSE,0,2,FALSE,80.8,159.4,275,165,210.1,TRUE,2024-03-03,21.9666666666667,6.48501870331937,"NA"
"142",2,"Afternoon Run",2700.3,1209,1212,31.2,"Run","Run",NA,10843476255,2024-02-26,2024-02-26 15:35:16,"(GMT-06:00) America/Chicago",-21600,NA,NA,NA,0,0,0,1,0,FALSE,FALSE,FALSE,FALSE,"everyone",FALSE,NA,2.234,3.206,TRUE,140.8,166,FALSE,TRUE,369.4,346.2,11591322482,"11591322482","AC035ABF-089B-4155-AD5F-7B6E6C520EEE.fit",FALSE,0,0,FALSE,NA,NA,NA,NA,NA,NA,2024-03-03,20.15,1.67789280077547,"Zone 2"
"143",2,"Afternoon Run",2118.3,877,885,24.2,"Run","Run",NA,10690564029,2024-02-03,2024-02-03 15:50:29,"(GMT-06:00) America/Chicago",-21600,NA,NA,NA,0,0,0,1,0,FALSE,FALSE,FALSE,FALSE,"everyone",FALSE,NA,2.415,3.542,TRUE,133.3,147,FALSE,TRUE,367.4,351.2,11433438183,"11433438183","17A366C5-CA80-476F-BF51-71C4DF1300C9.fit",FALSE,0,0,FALSE,NA,NA,NA,NA,NA,NA,2024-02-04,14.6166666666667,1.31625386804529,"Zone 1"
"144",2,"Afternoon Run",1622.9,675,682,23,"Run","Run",NA,10690563864,2024-01-31,2024-01-31 16:30:27,"(GMT-06:00) America/Chicago",-21600,NA,NA,NA,0,0,0,1,0,FALSE,FALSE,FALSE,FALSE,"everyone",FALSE,NA,2.404,3.564,TRUE,136.1,154,FALSE,TRUE,368.4,348.2,11433438081,"11433438081","F4C1E4BA-8C14-412C-9FD6-EE724B9B5C99.fit",FALSE,0,0,FALSE,NA,NA,NA,NA,NA,NA,2024-02-04,11.25,1.00842581430897,"Zone 2"
"145",2,"Afternoon Run",1936.2,820,824,23,"Run","Run",NA,10656369421,2024-01-29,2024-01-29 15:20:18,"(GMT-06:00) America/Chicago",-21600,NA,NA,NA,0,0,0,1,0,FALSE,FALSE,FALSE,FALSE,"everyone",FALSE,NA,2.361,3.548,TRUE,142,158,FALSE,TRUE,368.6,348.6,11398308379,"11398308379","AF48D1CC-1944-42E5-9160-B9821D69998C.fit",FALSE,0,0,FALSE,NA,NA,NA,NA,NA,NA,2024-02-04,13.6666666666667,1.20310189270136,"Zone 2"
"146",2,"Zwift - Devedeset Lite in Watopia",14684.2,1925,1979,73,"VirtualRide","VirtualRide",NA,10311757226,2023-12-01,2023-12-01 09:22:33,"(GMT-06:00) America/Chicago",-21600,NA,NA,NA,2,0,0,5,0,FALSE,FALSE,FALSE,FALSE,"everyone",FALSE,"b7562538",7.628,13.426,TRUE,135.8,159,FALSE,TRUE,23,-6.2,11040037592,"11040037592","zwift-activity-1489275859666731008.fit",FALSE,0,3,FALSE,81.6,163.7,271,179,315,TRUE,2023-12-03,32.0833333333333,9.12436153951309,"Zone 1"
"147",2,"Zwift - Red Unicorn Lite in Watopia",16386.2,2106,2106,81,"VirtualRide","VirtualRide",NA,10295116383,2023-11-28,2023-11-28 06:51:21,"(GMT-06:00) America/Chicago",-21600,NA,NA,NA,3,0,0,16,0,FALSE,FALSE,FALSE,FALSE,"everyone",FALSE,"b7562538",7.781,13.208,TRUE,141.3,160,FALSE,TRUE,23,-6.2,11022818116,"11022818116","zwift-activity-1487025465129451568.fit",FALSE,2,3,FALSE,78.8,170.3,267,180,358.6,TRUE,2023-12-03,35.1,10.1819379372911,"Zone 2"
"148",2,"Afternoon Run",4838.9,1867,1871,51.2,"Run","Run",NA,10179218151,2023-11-07,2023-11-07 15:12:21,"(GMT-06:00) America/Chicago",-21600,NA,NA,NA,0,1,0,1,0,FALSE,FALSE,FALSE,FALSE,"everyone",FALSE,NA,2.592,4.072,TRUE,137.4,165,FALSE,TRUE,381.8,353.4,10902418174,"10902418174","0983673A-338E-4351-A5CE-56A852AABA5F.fit",FALSE,0,0,FALSE,NA,NA,NA,NA,NA,NA,2023-11-12,31.1166666666667,3.00676053537475,"Zone 2"
"149",2,"5k",5009.9,1653,1657,70,"Run","Run",0,10149867197,2023-11-02,2023-11-02 15:18:18,"(GMT-06:00) America/Chicago",-18000,NA,NA,NA,0,0,0,1,0,FALSE,FALSE,FALSE,FALSE,"everyone",FALSE,"g12846677",3.031,4.692,TRUE,152.7,171,FALSE,TRUE,358,341.2,10871649591,"10871649591","008CE540-3390-4B2C-8374-2E8386F779EF.fit",FALSE,0,0,FALSE,NA,NA,NA,NA,NA,NA,2023-11-05,27.55,3.11301527334187,"Zone 3"
"150",2,"Afternoon Run",1208.4,491,491,9.4,"Run","Run",NA,10149867168,2023-11-02,2023-11-02 15:09:39,"(GMT-06:00) America/Chicago",-18000,NA,NA,NA,0,0,0,1,0,FALSE,FALSE,FALSE,FALSE,"everyone",FALSE,NA,2.461,4.22,TRUE,122.1,147,FALSE,TRUE,367.6,351.4,10871649522,"10871649522","1BE242CD-F24E-4CE9-992B-5E76793A5272.fit",FALSE,0,0,FALSE,NA,NA,NA,NA,NA,NA,2023-11-05,8.18333333333333,0.750866814967627,"Zone 1"
"151",2,"Afternoon Run",3874.3,1462,1478,58.6,"Run","Run",NA,10144511758,2023-11-01,2023-11-01 15:19:58,"(GMT-06:00) America/Chicago",-18000,NA,NA,NA,0,0,0,1,0,FALSE,FALSE,FALSE,FALSE,"everyone",FALSE,NA,2.65,3.906,TRUE,140.4,160,FALSE,TRUE,381.4,354.2,10866037617,"10866037617","85A38323-24AA-4E90-9C92-9C1C1204AF7B.fit",FALSE,0,0,FALSE,NA,NA,NA,NA,NA,NA,2023-11-05,24.3666666666667,2.40738439360235,"Zone 2"
"152",2,"Zwift - Vault in Watopia",7723.7,904,904,12,"VirtualRide","VirtualRide",NA,10132725070,2023-10-30,2023-10-30 16:00:47,"(GMT-06:00) America/Chicago",-18000,NA,NA,NA,0,0,0,22,0,FALSE,FALSE,FALSE,FALSE,"everyone",FALSE,"b7562538",8.544,12.106,FALSE,NA,NA,FALSE,FALSE,17.6,12.8,10853695097,"10853695097","zwift-activity-1466253331495157776.fit",FALSE,0,1,FALSE,81.9,193.8,315,210,175.2,TRUE,2023-11-05,15.0666666666667,4.79929660606211,"NA"
"153",2,"Morning Run",8290.5,3438,3452,119,"Run","Run",0,10119583890,2023-10-28,2023-10-28 09:08:42,"(GMT-06:00) America/Chicago",-18000,NA,NA,NA,0,2,0,1,0,FALSE,FALSE,FALSE,FALSE,"everyone",FALSE,"g12846677",2.411,3.347,TRUE,142.1,160,FALSE,TRUE,367.2,342,10839882991,"10839882991","2EDE8612-2E11-41DA-96EF-714B5D82AE87.fit",FALSE,0,0,FALSE,NA,NA,NA,NA,NA,NA,2023-10-29,57.3,5.15149067319522,"Zone 2"
"154",2,"Afternoon Run",4095.2,1677,1680,56,"Run","Run",NA,10110113677,2023-10-26,2023-10-26 15:44:01,"(GMT-06:00) America/Chicago",-18000,NA,NA,NA,0,0,0,1,0,FALSE,FALSE,FALSE,FALSE,"everyone",FALSE,NA,2.442,3.662,TRUE,134.5,147,FALSE,TRUE,387,355,10829965669,"10829965669","C1A2C2C6-6D6D-4462-803A-283F861B466C.fit",FALSE,0,0,FALSE,NA,NA,NA,NA,NA,NA,2023-10-29,27.95,2.54464563112829,"Zone 1"
"155",2,"Afternoon Run",5391.5,2061,2065,88,"Run","Run",NA,10104581205,2023-10-25,2023-10-25 15:57:50,"(GMT-06:00) America/Chicago",-18000,NA,NA,NA,0,1,0,1,0,FALSE,FALSE,FALSE,FALSE,"everyone",FALSE,NA,2.616,5.728,TRUE,135.9,171,FALSE,TRUE,383.2,353.6,10824204733,"10824204733","857F1134-E02F-4BAE-A5DD-7774CED2CC45.fit",FALSE,0,0,FALSE,NA,NA,NA,NA,NA,NA,2023-10-29,34.35,3.35013110964743,"Zone 1"
"156",2,"Afternoon Run",5219.4,2099,2111,69.2,"Run","Run",0,10092587810,2023-10-23,2023-10-23 15:56:08,"(GMT-06:00) America/Chicago",-18000,NA,NA,NA,0,0,0,1,0,FALSE,FALSE,FALSE,FALSE,"everyone",FALSE,"g12846677",2.487,4.258,TRUE,142.6,173,FALSE,TRUE,367.2,340.6,10811770812,"10811770812","2502F812-A695-40EB-A3CC-6BA0DC4B94E0.fit",FALSE,0,0,FALSE,NA,NA,NA,NA,NA,NA,2023-10-29,34.9833333333333,3.24319286167,"Zone 2"
"157",2,"Morning Run",8789.5,3591,3600,112.2,"Run","Run",0,10078592980,2023-10-21,2023-10-21 09:05:50,"(GMT-06:00) America/Chicago",-18000,NA,NA,NA,0,2,0,1,0,FALSE,FALSE,FALSE,FALSE,"everyone",FALSE,"g12846677",2.448,4.694,TRUE,138.5,167,FALSE,TRUE,367.8,341,10797145207,"10797145207","C44E9441-CFCC-405E-935B-8A4178093854.fit",FALSE,0,0,FALSE,NA,NA,NA,NA,NA,NA,2023-10-22,59.85,5.46155566878348,"Zone 2"
"158",2,"Afternoon Run",4283.9,1695,1712,50.6,"Run","Run",0,10078592898,2023-10-19,2023-10-19 15:51:34,"(GMT-06:00) America/Chicago",-18000,NA,NA,NA,0,0,0,1,0,FALSE,FALSE,FALSE,FALSE,"everyone",FALSE,"g12846677",2.527,5.434,TRUE,130.4,163,FALSE,TRUE,381.2,354,10797145120,"10797145120","67C79B25-F1AD-453B-B4BE-A70AF5B73130.fit",FALSE,0,0,FALSE,NA,NA,NA,NA,NA,NA,2023-10-22,28.25,2.66189866653411,"Zone 1"
"159",2,"Afternoon Run",4951,1989,1996,58.6,"Run","Run",NA,10057717713,2023-10-17,2023-10-17 15:55:11,"(GMT-06:00) America/Chicago",-18000,NA,NA,NA,0,1,0,1,0,FALSE,FALSE,FALSE,FALSE,"everyone",FALSE,NA,2.489,3.414,TRUE,135,152,FALSE,TRUE,380.2,352.8,10775451356,"10775451356","CC41F624-6A06-437D-9C58-EA30F1B1673D.fit",FALSE,0,0,FALSE,NA,NA,NA,NA,NA,NA,2023-10-22,33.15,3.07641641915319,"Zone 1"
"160",2,"Lunch Run",3325.8,1234,1242,37,"Run","Run",NA,10038165658,2023-10-14,2023-10-14 11:03:40,"(GMT-06:00) America/Chicago",-18000,NA,NA,NA,0,0,0,1,0,FALSE,FALSE,FALSE,FALSE,"everyone",FALSE,NA,2.695,3.452,TRUE,131.4,146,FALSE,TRUE,374.4,348.8,10755074225,"10755074225","E1299167-FE71-433D-8D5F-E95123779489.fit",FALSE,0,0,FALSE,NA,NA,NA,NA,NA,NA,2023-10-15,20.5666666666667,2.06656144754993,"Zone 1"
"161",2,"Zwift - Beach Island Loop in Watopia",13090.9,1617,1617,48,"VirtualRide","VirtualRide",NA,10033098716,2023-10-13,2023-10-13 15:58:03,"(GMT-06:00) America/Chicago",-18000,NA,NA,NA,2,0,0,14,0,FALSE,FALSE,FALSE,FALSE,"everyone",FALSE,"b7562538",8.096,13.368,TRUE,138.6,165,FALSE,TRUE,15.6,-6.2,10749800932,"10749800932","zwift-activity-1453930811190444064.fit",FALSE,2,1,FALSE,80.2,202.7,567,213,327.7,TRUE,2023-10-15,26.95,8.13432835820896,"Zone 2"
"162",2,"Afternoon Run",4483.1,1767,1771,233.6,"Run","Run",NA,10021669207,2023-10-11,2023-10-11 15:52:29,"(GMT-06:00) America/Chicago",-18000,NA,NA,NA,0,1,0,1,0,FALSE,FALSE,FALSE,FALSE,"everyone",FALSE,NA,2.537,6.032,TRUE,139.8,171,FALSE,TRUE,383.8,353,10737924098,"10737924098","C6E9C8BB-F6B2-4155-B065-1F8CB7D39860.fit",FALSE,0,0,FALSE,NA,NA,NA,NA,NA,NA,2023-10-15,29.45,2.78567611567475,"Zone 2"
"163",2,"Zwift - Expand in Watopia",15470.5,1810,1810,26,"VirtualRide","VirtualRide",NA,10015239512,2023-10-10,2023-10-10 15:35:36,"(GMT-06:00) America/Chicago",-18000,NA,NA,NA,0,0,0,20,0,FALSE,FALSE,FALSE,FALSE,"everyone",FALSE,"b7562538",8.547,10.946,TRUE,133.1,165,FALSE,TRUE,17.6,12.6,10731269753,"10731269753","zwift-activity-1451745090111275040.fit",FALSE,0,2,FALSE,86.8,191.1,323,204,345.8,TRUE,2023-10-15,30.1666666666667,9.61294692234084,"Zone 1"
"164",2,"Afternoon Run",4842.9,1871,1882,48.8,"Run","Run",0,10009098662,2023-10-09,2023-10-09 14:57:03,"(GMT-06:00) America/Chicago",-18000,NA,NA,NA,0,0,0,1,0,FALSE,FALSE,FALSE,FALSE,"everyone",FALSE,"g12846677",2.588,3.583,TRUE,138.4,157,FALSE,TRUE,382,353,10724909450,"10724909450","FD96D712-C532-4D4A-8995-D336469E1629.fit",FALSE,0,0,FALSE,NA,NA,NA,NA,NA,NA,2023-10-15,31.1833333333333,3.00924602632135,"Zone 2"
"165",2,"Zwift - INEOS Grenadiers Virtual Training Camp | The Cafe Ride in Watopia",16903.9,2052,2052,26,"VirtualRide","VirtualRide",NA,9989617077,2023-10-06,2023-10-06 15:19:28,"(GMT-06:00) America/Chicago",-18000,NA,NA,NA,0,1,0,10,0,FALSE,FALSE,FALSE,FALSE,"everyone",FALSE,"b7562538",8.238,10.164,FALSE,NA,NA,FALSE,FALSE,17.6,12.6,10704554602,"10704554602","zwift-activity-1448837896239857664.fit",FALSE,0,2,FALSE,81.9,172.9,253,182,354.8,TRUE,2023-10-08,34.2,10.5036226030547,"NA"
"166",2,"Timed mile",1610.5,415,423,12.2,"Run","Run",0,9977766372,2023-10-04,2023-10-04 15:49:14,"(GMT-06:00) America/Chicago",-18000,NA,NA,NA,3,3,3,1,0,FALSE,FALSE,FALSE,FALSE,"everyone",FALSE,NA,3.881,5.64,TRUE,168.2,177,FALSE,TRUE,381.6,355.2,10692209708,"10692209708","F5A2FCD6-DEB9-4C10-A9C1-F052D873D76A.fit",FALSE,0,0,FALSE,NA,NA,NA,NA,NA,NA,2023-10-08,6.91666666666667,1.00072079237451,"Zone 4"
"167",2,"Warmup",1358.5,545,569,28,"Run","Run",0,9977766371,2023-10-04,2023-10-04 15:38:12,"(GMT-06:00) America/Chicago",-18000,NA,NA,NA,0,0,0,1,0,FALSE,FALSE,FALSE,FALSE,"everyone",FALSE,NA,2.493,5.422,TRUE,131.5,159,FALSE,TRUE,382.4,362.8,10692209659,"10692209659","80338A1E-F0B6-49D3-A5E9-290E9DB59C4A.fit",FALSE,0,0,FALSE,NA,NA,NA,NA,NA,NA,2023-10-08,9.08333333333333,0.844134862738762,"Zone 1"
"168",2,"Afternoon Run",3527.4,1384,1387,38.6,"Run","Run",0,9965037444,2023-10-02,2023-10-02 16:25:36,"(GMT-06:00) America/Chicago",-18000,NA,NA,NA,0,0,0,1,0,FALSE,FALSE,FALSE,FALSE,"everyone",FALSE,"g12846677",2.549,3.487,TRUE,143.8,159,FALSE,TRUE,379,353.2,10678932482,"10678932482","96CCC5C4-3B3C-4483-B240-FBE8AD7D84F8.fit",FALSE,0,0,FALSE,NA,NA,NA,NA,NA,NA,2023-10-08,23.0666666666667,2.19183019125853,"Zone 2"
"169",2,"Afternoon Run",3560.5,1378,1381,33.4,"Run","Run",0,9958997449,2023-10-01,2023-10-01 17:38:04,"(GMT-06:00) America/Chicago",-18000,NA,NA,NA,0,0,0,1,0,FALSE,FALSE,FALSE,FALSE,"everyone",FALSE,"g12846677",2.584,4.004,TRUE,134.1,161,FALSE,TRUE,383.2,355.2,10672578323,"10672578323","E4C69A85-87B2-405E-B8F9-BA10CD8A042F.fit",FALSE,0,0,FALSE,NA,NA,NA,NA,NA,NA,2023-10-08,22.9666666666667,2.21239762884164,"Zone 1"
"170",2,"Afternoon Run",5794,2270,2282,56.8,"Run","Run",NA,9939650720,2023-09-28,2023-09-28 15:46:21,"(GMT-06:00) America/Chicago",-18000,NA,NA,NA,0,1,0,1,0,FALSE,FALSE,FALSE,FALSE,"everyone",FALSE,NA,2.552,4.444,TRUE,141,175,FALSE,TRUE,383,355.2,10652277655,"10652277655","1ED87930-6866-4F21-A5ED-0BA34D20560E.fit",FALSE,0,0,FALSE,NA,NA,NA,NA,NA,NA,2023-10-01,37.8333333333333,3.60023363614898,"Zone 2"
"171",2,"Afternoon Walk",2645.4,1869,1885,48.8,"Walk","Walk",NA,9934463873,2023-09-27,2023-09-27 15:52:22,"(GMT-06:00) America/Chicago",-18000,NA,NA,NA,0,1,0,1,0,FALSE,FALSE,FALSE,FALSE,"everyone",FALSE,"g12846677",1.415,2.499,TRUE,89.8,108,FALSE,TRUE,380,352,10646871777,"10646871777","C05C32F9-B375-4E0F-BB51-1708C2F02605.fit",FALSE,0,0,FALSE,NA,NA,NA,NA,NA,NA,2023-10-01,31.15,1.6437794375334,"Zone 1"
"172",2,"Zwift - Over Under's 12 + 10 in Watopia",21218.3,2408,2408,32,"VirtualRide","VirtualRide",NA,9926708900,2023-09-26,2023-09-26 15:17:23,"(GMT-06:00) America/Chicago",-18000,NA,NA,NA,2,1,0,13,0,FALSE,FALSE,FALSE,FALSE,"everyone",FALSE,"b7562538",8.812,12.442,TRUE,138.3,161,FALSE,TRUE,17.6,12.6,10638749873,"10638749873","zwift-activity-1441589080134533120.fit",FALSE,0,3,FALSE,79.5,204.2,317,219,491.6,TRUE,2023-10-01,40.1333333333333,13.1844731380566,"Zone 2"
"173",2,"Afternoon Run",7219.7,2952,2965,116.6,"Run","Run",0,9920363850,2023-09-25,2023-09-25 14:32:15,"(GMT-06:00) America/Chicago",-18000,NA,NA,NA,0,1,0,1,0,FALSE,FALSE,FALSE,FALSE,"everyone",FALSE,"g12846677",2.446,3.428,TRUE,143.6,167,FALSE,TRUE,372,337.6,10632107634,"10632107634","3B2EB656-FFAE-483C-ADCF-4E0DB2A24FEB.fit",FALSE,0,0,FALSE,NA,NA,NA,NA,NA,NA,2023-10-01,49.2,4.48612474679061,"Zone 2"
"174",2,"Afternoon Run",5657.3,2172,2176,64.4,"Run","Run",NA,9900733971,2023-09-22,2023-09-22 15:09:37,"(GMT-06:00) America/Chicago",-18000,NA,NA,NA,0,0,0,1,0,FALSE,FALSE,FALSE,FALSE,"everyone",FALSE,NA,2.605,3.67,TRUE,143,167,FALSE,TRUE,381.6,353.2,10611442186,"10611442186","CC9D157B-C24E-4477-961C-89A948DE4E33.fit",FALSE,0,0,FALSE,NA,NA,NA,NA,NA,NA,2023-09-24,36.2,3.51529198304895,"Zone 2"
"175",2,"Afternoon Run",5934.5,2350,2370,69.2,"Run","Run",NA,9889601299,2023-09-20,2023-09-20 15:09:35,"(GMT-06:00) America/Chicago",-18000,NA,NA,NA,0,0,0,1,0,FALSE,FALSE,FALSE,FALSE,"everyone",FALSE,NA,2.525,4.539,TRUE,143.5,176,FALSE,TRUE,379.8,351,10599778908,"10599778908","D65AAF88-F5D0-44BC-9396-08C3593A4399.fit",FALSE,0,0,FALSE,NA,NA,NA,NA,NA,NA,2023-09-24,39.1666666666667,3.68753650564828,"Zone 2"
"176",2,"Zwift - Zone Benchmarking in Watopia",15543.4,1968,1968,26,"VirtualRide","VirtualRide",NA,9882483338,2023-09-19,2023-09-19 15:46:17,"(GMT-06:00) America/Chicago",-18000,NA,NA,NA,0,0,0,12,0,FALSE,FALSE,FALSE,FALSE,"everyone",FALSE,"b7562538",7.898,11.066,TRUE,132.2,160,FALSE,TRUE,17.6,12.6,10592363424,"10592363424","zwift-activity-1436530180905500688.fit",FALSE,0,2,FALSE,81.6,166,347,192,326.8,TRUE,2023-09-24,32.8,9.65824499484261,"Zone 1"
"177",2,"Zwift - Pedaling Drills in Watopia",10621.5,1522,1522,16,"VirtualRide","VirtualRide",NA,9882300074,2023-09-19,2023-09-19 15:09:27,"(GMT-06:00) America/Chicago",-18000,NA,NA,NA,0,0,0,28,0,FALSE,FALSE,FALSE,FALSE,"everyone",FALSE,"b7562538",6.979,11.044,TRUE,119.2,149,FALSE,TRUE,17.6,12.6,10592174374,"10592174374","zwift-activity-1436511592312242224.fit",FALSE,0,1,FALSE,77.9,128.6,364,148,195.7,TRUE,2023-09-24,25.3666666666667,6.59991052232592,"Zone 1"
"178",2,"Lunch Run",4613.5,1801,1819,36,"Run","Run",0,9874340370,2023-09-18,2023-09-18 11:01:50,"(GMT-06:00) America/Chicago",-18000,NA,NA,NA,1,1,0,1,0,FALSE,FALSE,FALSE,FALSE,"everyone",FALSE,"g12846677",2.562,3.398,TRUE,140.1,163,FALSE,TRUE,386,355.2,10583860427,"10583860427","B1D5000D-D43A-42EB-9643-41147A518498.fit",FALSE,1,0,FALSE,NA,NA,NA,NA,NA,NA,2023-09-24,30.0166666666667,2.86670312053388,"Zone 2"
"179",2,"1min Power Duration in Watopia",30072.6,3616,3616,45,"VirtualRide","VirtualRide",NA,9868747642,2023-09-17,2023-09-17 10:13:42,"(GMT-06:00) America/Chicago",-18000,NA,NA,NA,0,1,0,4,0,FALSE,FALSE,FALSE,FALSE,"everyone",FALSE,"b7562538",8.317,13.654,TRUE,134.9,174,FALSE,TRUE,17.6,12.6,10577957811,"10577957811","zwift-activity-1434913345248428048.fit",FALSE,0,0,FALSE,83.7,173.1,551,195,625.8,TRUE,2023-09-24,60.2666666666667,18.686293760175,"Zone 1"
"180",2,"Afternoon Run",6152.8,2342,2342,55.2,"Run","Run",0,9850238130,2023-09-14,2023-09-14 14:45:37,"(GMT-06:00) America/Chicago",-18000,NA,NA,NA,0,1,0,1,0,FALSE,FALSE,FALSE,FALSE,"everyone",FALSE,NA,2.627,5.136,TRUE,142.5,168,FALSE,TRUE,383,355.8,10558516648,"10558516648","AF06C1A4-40FA-42EA-A554-011B928455E0.fit",FALSE,0,0,FALSE,NA,NA,NA,NA,NA,NA,2023-09-17,39.0333333333333,3.82318217405893,"Zone 2"
"181",2,"Zwift - Ramp Test in Watopia",9569,1144,1144,15,"VirtualRide","VirtualRide",NA,9843971789,2023-09-13,2023-09-13 15:55:35,"(GMT-06:00) America/Chicago",-18000,NA,NA,NA,0,1,0,23,0,FALSE,FALSE,FALSE,FALSE,"everyone",FALSE,"b7562538",8.364,11.43,TRUE,129.2,169,FALSE,TRUE,17.6,12.8,10551963164,"10551963164","zwift-activity-1432186293504180256.fit",FALSE,0,2,FALSE,86.2,193.1,365,237,220.9,TRUE,2023-09-17,19.0666666666667,5.945915717002,"Zone 1"
"182",2,"Afternoon Run",4844.5,1913,1913,47.4,"Run","Run",NA,9830482830,2023-09-11,2023-09-11 15:19:15,"(GMT-06:00) America/Chicago",-18000,NA,NA,NA,0,0,0,1,0,FALSE,FALSE,FALSE,FALSE,"everyone",FALSE,"g12846677",2.532,3.805,TRUE,140,161,FALSE,TRUE,379.6,354,10537826611,"10537826611","ABABCA67-980F-4AA3-84D8-08DBA73AB4CD.fit",FALSE,0,0,FALSE,NA,NA,NA,NA,NA,NA,2023-09-17,31.8833333333333,3.01024022269999,"Zone 2"
"183",2,"Morning Run",3578,1392,1396,39.2,"Run","Run",0,9815235580,2023-09-09,2023-09-09 09:25:28,"(GMT-06:00) America/Chicago",-18000,NA,NA,NA,0,1,0,1,0,FALSE,FALSE,FALSE,FALSE,"everyone",FALSE,"g12846677",2.57,3.544,TRUE,148.9,163,FALSE,TRUE,382,353.8,10521721516,"10521721516","D614990B-112A-4934-9399-01457BDF2762.fit",FALSE,0,0,FALSE,NA,NA,NA,NA,NA,NA,2023-09-10,23.2,2.22327165173301,"Zone 2"
"184",2,"Zwift - 2004 in Watopia",24321.5,2835,2835,38,"VirtualRide","VirtualRide",NA,9815025269,2023-09-09,2023-09-09 08:34:14,"(GMT-06:00) America/Chicago",-18000,NA,NA,NA,1,1,0,4,0,FALSE,FALSE,FALSE,FALSE,"everyone",FALSE,"b7562538",8.579,12.082,TRUE,144.5,167,FALSE,TRUE,17.6,12.6,10521499529,"10521499529","zwift-activity-1429065037061849136.fit",FALSE,1,3,FALSE,83.1,186.5,272,203,528.7,TRUE,2023-09-10,47.25,15.1127170144283,"Zone 2"
"185",2,"Afternoon Run",4966.5,1978,1978,110.8,"Run","Run",NA,9804976279,2023-09-07,2023-09-07 16:26:33,"(GMT-06:00) America/Chicago",-18000,NA,NA,NA,0,0,0,1,0,FALSE,FALSE,FALSE,FALSE,"everyone",FALSE,"g12846677",2.511,5.928,TRUE,139,171,FALSE,TRUE,383.6,351.8,10510898105,"10510898105","236ACEDD-D270-48CC-B1AF-F4FCF3B8C7DA.fit",FALSE,0,0,FALSE,NA,NA,NA,NA,NA,NA,2023-09-10,32.9666666666667,3.08604769657127,"Zone 2"
"186",2,"Zwift - Power + Endurance in Watopia",22918.1,2709,2709,36,"VirtualRide","VirtualRide",NA,9798164686,2023-09-06,2023-09-06 16:04:01,"(GMT-06:00) America/Chicago",-18000,NA,NA,NA,0,1,0,6,0,FALSE,FALSE,FALSE,FALSE,"everyone",FALSE,"b7562538",8.46,12.22,TRUE,133.8,152,FALSE,TRUE,17.6,12.6,10503743400,"10503743400","zwift-activity-1427117056498597920.fit",FALSE,0,2,FALSE,80.8,180.2,407,192,488.1,TRUE,2023-09-10,45.15,14.2406825158139,"Zone 1"
"187",2,"Afternoon Run",3514,1501,1501,30.4,"Run","Run",NA,9791851301,2023-09-05,2023-09-05 15:47:09,"(GMT-06:00) America/Chicago",-18000,NA,NA,NA,0,1,0,1,0,FALSE,FALSE,FALSE,FALSE,"everyone",FALSE,"g12846677",2.341,3.367,TRUE,131.1,145,FALSE,TRUE,380.6,355.4,10497106048,"10497106048","8D9FBB8B-F757-4705-A95E-614F205DD901.fit",FALSE,0,0,FALSE,NA,NA,NA,NA,NA,NA,2023-09-10,25.0166666666667,2.18350379658742,"Zone 1"
"188",2,"Zwift - Microbursts 10-20-30 in Watopia",23548.9,2827,2827,38,"VirtualRide","VirtualRide",NA,9784767597,2023-09-04,2023-09-04 16:59:01,"(GMT-06:00) America/Chicago",-18000,NA,NA,NA,0,1,0,8,0,FALSE,FALSE,FALSE,FALSE,"everyone",FALSE,"b7562538",8.33,11.174,TRUE,129.3,146,FALSE,TRUE,17.6,12.6,10489662285,"10489662285","zwift-activity-1425695232195821584.fit",FALSE,0,2,FALSE,78.5,176.3,379,188,498.4,TRUE,2023-09-10,47.1166666666667,14.6326444380926,"Zone 1"
"189",2,"Lunch Run",8106.1,3367,3367,85.4,"Run","Run",NA,9777102566,2023-09-03,2023-09-03 11:09:47,"(GMT-06:00) America/Chicago",-18000,NA,NA,NA,0,0,0,1,0,FALSE,FALSE,FALSE,FALSE,"everyone",FALSE,"g12846677",2.408,3.61,TRUE,145.6,168,FALSE,TRUE,382,351.4,10481571510,"10481571510","9576C67B-6E36-4A34-9B20-5B92CAC31C3B.fit",FALSE,0,0,FALSE,NA,NA,NA,NA,NA,NA,2023-09-10,56.1166666666667,5.036909540557,"Zone 2"
"190",2,"Zwift - Tempus Fugit in Watopia",34572.7,3909,3909,51,"VirtualRide","VirtualRide",NA,9769155834,2023-09-02,2023-09-02 09:07:34,"(GMT-06:00) America/Chicago",-18000,NA,NA,NA,3,0,0,4,0,FALSE,FALSE,FALSE,FALSE,"everyone",FALSE,"b7562538",8.844,11.186,TRUE,145.3,175,FALSE,TRUE,17.6,12.6,10473128049,"10473128049","zwift-activity-1424008349573201952.fit",FALSE,1,3,FALSE,82.2,199.4,487,210,779.4,TRUE,2023-09-03,65.15,21.4825332123728,"Zone 2"
"191",2,"Zwift - Strength + Power in Watopia",23364.5,2735,2735,37,"VirtualRide","VirtualRide",NA,9758849816,2023-08-31,2023-08-31 17:14:38,"(GMT-06:00) America/Chicago",-18000,NA,NA,NA,2,0,0,7,0,FALSE,FALSE,FALSE,FALSE,"everyone",FALSE,"b7562538",8.543,11.002,TRUE,140.1,160,FALSE,TRUE,17.6,12.6,10462194361,"10462194361","zwift-activity-1422803982560018480.fit",FALSE,0,2,FALSE,78.2,191.8,353,204,524.5,TRUE,2023-09-03,45.5833333333333,14.5180633054544,"Zone 2"
"192",2,"Afternoon Run",5588.5,2167,2167,72.4,"Run","Run",NA,9752171348,2023-08-30,2023-08-30 15:48:11,"(GMT-06:00) America/Chicago",-18000,NA,NA,NA,0,0,0,1,0,FALSE,FALSE,FALSE,FALSE,"everyone",FALSE,"g12846677",2.579,5.076,TRUE,146.4,178,FALSE,TRUE,381.6,352.2,10455106412,"10455106412","A77780BB-39B2-4960-AD0C-57CEDC94EE93.fit",FALSE,0,0,FALSE,NA,NA,NA,NA,NA,NA,2023-09-03,36.1166666666667,3.47254153876745,"Zone 2"
"193",2,"Zwift - Microbursts 30's in Watopia",18928.4,2287,2287,30,"VirtualRide","VirtualRide",NA,9744164801,2023-08-29,2023-08-29 11:42:27,"(GMT-06:00) America/Chicago",-18000,NA,NA,NA,0,0,0,12,0,FALSE,FALSE,FALSE,FALSE,"everyone",FALSE,"b7562538",8.277,11.046,TRUE,138.9,166,FALSE,TRUE,17.6,12.6,10446564496,"10446564496","zwift-activity-1421187220848541744.fit",FALSE,0,2,FALSE,80.5,181.8,319,202,415.9,TRUE,2023-09-03,38.1166666666667,11.7615917084022,"Zone 2"
"194",2,"Afternoon Run",3951.4,1540,1545,35.2,"Run","Run",NA,9739012191,2023-08-28,2023-08-28 15:32:36,"(GMT-06:00) America/Chicago",-18000,NA,NA,NA,0,1,0,1,0,FALSE,FALSE,FALSE,FALSE,"everyone",FALSE,"g12846677",2.566,3.97,TRUE,148.3,173,FALSE,TRUE,379.8,351.2,10441150603,"10441150603","8F6C8B15-27EA-44C9-9A6E-29099E39A5BF.fit",FALSE,0,0,FALSE,NA,NA,NA,NA,NA,NA,2023-09-03,25.6666666666667,2.45529223159805,"Zone 2"
"195",2,"Morning Run",5173.1,1941,1944,47.4,"Run","Run",0,9725315972,2023-08-26,2023-08-26 10:22:20,"(GMT-06:00) America/Chicago",-18000,NA,NA,NA,0,1,0,1,0,FALSE,FALSE,FALSE,FALSE,"everyone",FALSE,"g12846677",2.665,4.318,TRUE,146,172,FALSE,TRUE,382.4,355.6,10426615386,"10426615386","B872ED22-4162-41F7-BB87-C6B990E0A5D6.fit",FALSE,0,0,FALSE,NA,NA,NA,NA,NA,NA,2023-08-27,32.35,3.21442330396312,"Zone 2"
"196",2,"Zwift - Zwift Pro Training Camp: INEOS Grenadiers | Elia Viviani in Watopia",19523.2,2426,2426,30,"VirtualRide","VirtualRide",NA,9725019672,2023-08-26,2023-08-26 09:37:04,"(GMT-06:00) America/Chicago",-18000,NA,NA,NA,0,0,0,8,0,FALSE,FALSE,FALSE,FALSE,"everyone",FALSE,"b7562538",8.047,10.754,TRUE,123.6,152,FALSE,TRUE,17.6,12.6,10426302999,"10426302999","zwift-activity-1418949806482538512.fit",FALSE,0,2,FALSE,77.2,163.3,351,184,396.3,TRUE,2023-08-27,40.4333333333333,12.1311842121615,"Zone 1"
"197",2,"Afternoon Weight Training",0,1241,1241,0,"WeightTraining","WeightTraining",NA,9720082522,2023-08-25,2023-08-25 13:33:06,"(GMT-05:00) America/Atikokan",-18000,NA,NA,NA,0,1,0,1,0,TRUE,FALSE,FALSE,FALSE,"everyone",FALSE,NA,0,0,TRUE,110.6,133,FALSE,TRUE,0,0,10421100037,"10421100037","B4B0A29A-1EF1-4130-8A30-1767873C1886.fit",FALSE,0,0,FALSE,NA,NA,NA,NA,NA,NA,2023-08-27,20.6833333333333,0,"Zone 1"
"198",2,"Zwift - Emily's Short Mix in Watopia",16172.1,1820,1820,26,"VirtualRide","VirtualRide",NA,9714449921,2023-08-24,2023-08-24 15:16:53,"(GMT-06:00) America/Chicago",-18000,NA,NA,NA,0,1,0,19,0,FALSE,FALSE,FALSE,FALSE,"everyone",FALSE,"b7562538",8.886,10.74,TRUE,141.2,164,FALSE,TRUE,17.6,12.6,10415144633,"10415144633","zwift-activity-1417671284401111056.fit",FALSE,0,2,FALSE,82.6,215.6,300,229,392.4,TRUE,2023-08-27,30.3333333333333,10.0489020343743,"Zone 2"
"199",2,"Zwift - Strength Endurance + Sweet Spot in Watopia",22856.2,2712,2712,37,"VirtualRide","VirtualRide",NA,9708510337,2023-08-23,2023-08-23 16:58:05,"(GMT-06:00) America/Chicago",-18000,NA,NA,NA,2,0,0,7,0,FALSE,FALSE,FALSE,FALSE,"everyone",FALSE,"b7562538",8.428,10.726,FALSE,NA,NA,FALSE,FALSE,17.6,12.6,10408859462,"10408859462","zwift-activity-1416997407094226944.fit",FALSE,0,2,FALSE,75.7,186.7,230,193,506.2,TRUE,2023-08-27,45.2,14.2022195434153,"NA"
"200",2,"Afternoon Weight Training",0,1832,1832,0,"WeightTraining","WeightTraining",NA,9701555903,2023-08-22,2023-08-22 15:08:50,"(GMT-05:00) America/Atikokan",-18000,NA,NA,NA,0,1,0,1,0,TRUE,FALSE,FALSE,FALSE,"everyone",FALSE,NA,0,0,TRUE,120.6,150,FALSE,TRUE,0,0,10401504871,"10401504871","4C4C0E39-E1AE-4559-823F-D81D23C81A7F.fit",FALSE,0,0,FALSE,NA,NA,NA,NA,NA,NA,2023-08-27,30.5333333333333,0,"Zone 1"
